1,Fishbourn, Butch,bfishbourn0@youku.com,2.28.180.152
2,Dewerson, Nicolette,ndewerson1@epa.gov,36.25.99.181
3,Tanser, Agace,atanser2@unicef.org,59.78.96.110
5,Vamplers, Myra,mvamplers4@who.int,174.137.156.22
7,Ormonde, Glen,gormonde6@mapy.cz,255.165.111.5
9,Vautrey, Mariele,mvautrey8@mit.edu,136.7.136.174
11,Hallet, Lenci,lhalleta@webeden.co.uk,54.194.209.106
12,Prendergrass, Margret,mprendergrassb@statcounter.com,243.66.21.31
13,MacAskill, Jud,jmacaskillc@comsenz.com,38.99.206.34
14,Curteis, Saree,scurteisd@networkadvertising.org,48.56.210.244
15,Antoniottii, Danni,dantoniottiie@wix.com,62.230.59.198
16,Englefield, Sophi,senglefieldf@dyndns.org,134.218.76.115
17,Bimson, Christos,cbimsong@desdev.cn,220.195.45.91
18,De Vere, Janis,jdevereh@statcounter.com,144.9.222.122
19,Fasler, Garrot,gfasleri@pagesperso-orange.fr,125.162.23.21
20,Moffatt, Penny,pmoffattj@phpbb.com,56.0.168.114
21,Zoephel, Tansy,tzoephelk@mashable.com,117.70.134.209
23,Hearl, Gussi,ghearlm@epa.gov,156.157.140.188
25,Howlin, Morton,mhowlino@berkeley.edu,154.193.90.105
27,Regorz, Damiano,dregorzq@yolasite.com,92.43.248.171
28,Le Monnier, Daloris,dlemonnierr@sina.com.cn,101.153.248.52
29,Pargeter, Hobie,hpargeters@ft.com,141.124.31.17
30,Fley, Clary,cfleyt@gov.uk,135.159.78.221
31,Crady, Mina,mcradyu@discovery.com,212.167.219.146
33,Mahoney, Daffy,dmahoneyw@tamu.edu,88.70.56.221
34,Fahy, Allyce,afahyx@prnewswire.com,92.200.197.120
35,Duckhouse, Wendall,wduckhousey@mapquest.com,142.215.52.196
37,Callard, Duffy,dcallard10@friendfeed.com,82.194.83.152
39,Brodeur, Averil,abrodeur12@over-blog.com,208.0.45.12
41,Guiduzzi, Trey,tguiduzzi14@gmpg.org,212.40.84.178
43,Marklund, Noelani,nmarklund16@jiathis.com,107.2.77.88
44,Erridge, Electra,eerridge17@google.pl,212.252.161.35
45,Ware, Olga,oware18@webnode.com,215.195.152.120
47,Barthrop, Rodolfo,rbarthrop1a@hp.com,154.123.103.232
48,Jost, Erin,ejost1b@pagesperso-orange.fr,111.243.81.189
49,Acreman, Brook,bacreman1c@time.com,175.232.247.30
50,Seaward, Adeline,aseaward1d@mayoclinic.com,207.82.225.243
51,Donahue, Web,wdonahue1e@edublogs.org,203.254.21.243
52,Mansell, Laina,lmansell1f@i2i.jp,150.218.27.210
53,Beszant, Gabriele,gbeszant1g@salon.com,214.118.228.85
55,Minard, Vernon,vminard1i@mapy.cz,37.19.91.203
56,Halston, Gertrudis,ghalston1j@wordpress.org,249.69.44.210
57,Mudd, Reece,rmudd1k@diigo.com,42.252.199.134
58,Sonnenschein, Lyndsey,lsonnenschein1l@china.com.cn,199.217.214.229
59,Davidy, Rivi,rdavidy1m@mapquest.com,13.26.218.211
61,Gyenes, Giacinta,ggyenes1o@mozilla.org,152.159.34.98
63,Jakuszewski, Adaline,ajakuszewski1q@gizmodo.com,181.82.191.50
64,Bedburrow, Celestia,cbedburrow1r@cocolog-nifty.com,45.98.49.236
65,Burkwood, Orlando,oburkwood1s@usatoday.com,168.10.177.185
66,Linskey, Janel,jlinskey1t@acquirethisname.com,237.161.232.45
67,Tather, Alain,atather1u@sbwire.com,16.147.149.87
69,Harriagn, Morna,mharriagn1w@economist.com,185.124.159.110
70,Smallacombe, Allie,asmallacombe1x@census.gov,247.211.217.65
71,Cutchie, Thomas,tcutchie1y@elpais.com,29.198.169.188
73,Almey, Cloe,calmey20@vinaora.com,52.226.12.140
75,de Amaya, Joela,jdeamaya22@prweb.com,162.91.114.98
76,Zielinski, Timmie,tzielinski23@cmu.edu,108.73.196.228
77,Cawsy, Eartha,ecawsy24@gravatar.com,165.132.107.175
78,Duggan, Letty,lduggan25@sitemeter.com,162.17.33.233
79,Mixon, Annie,amixon26@usgs.gov,125.213.93.166
81,Grennan, Lindsay,lgrennan28@cbc.ca,27.176.224.237
83,Bahlmann, Ky,kbahlmann2a@google.co.jp,23.78.224.234
85,Maly, Celeste,cmaly2c@amazon.de,251.218.46.27
87,Vergo, Dianne,dvergo2e@oracle.com,131.6.232.173
88,Evamy, Almira,aevamy2f@yahoo.co.jp,137.2.50.187
89,Robens, Benn,brobens2g@businesswire.com,245.195.204.128
91,Norville, Aurora,anorville2i@sciencedirect.com,244.121.142.221
92,Bachura, Leda,lbachura2j@fastcompany.com,140.126.94.11
93,Peek, Hildagard,hpeek2k@github.com,53.122.192.247
94,Monday, Mandi,mmonday2l@reverbnation.com,3.27.60.247
95,Krishtopaittis, Ashly,akrishtopaittis2m@google.com.br,251.239.128.199
96,Archibould, Melania,marchibould2n@dmoz.org,208.168.92.39
97,Ten Broek, Creigh,ctenbroek2o@gov.uk,9.232.158.133
98,Coppledike, Amalle,acoppledike2p@spotify.com,119.40.227.175
99,Pesticcio, Matthew,mpesticcio2q@reference.com,23.195.184.233
