id,first_name,last_name,email,gender,ip_address
1,Butch,Fishbourn,bfishbourn0@youku.com,Male,2.28.180.152
2,Nicolette,Dewerson,ndewerson1@epa.gov,Female,36.25.99.181
3,Agace,Tanser,atanser2@unicef.org,Female,59.78.96.110
4,Kingsley,Annice,kannice3@sciencedirect.com,Male,177.2.250.251
5,Myra,Vamplers,mvamplers4@who.int,Female,174.137.156.22
6,Otto,Stithe,ostithe5@youku.com,Male,245.120.128.167
7,Glen,Ormonde,gormonde6@mapy.cz,Female,255.165.111.5
8,Saw,Plampeyn,splampeyn7@meetup.com,Male,31.227.179.148
9,Mariele,Vautrey,mvautrey8@mit.edu,Female,136.7.136.174
10,Jaye,Woolaghan,jwoolaghan9@etsy.com,Male,103.209.187.168
11,Lenci,Hallet,lhalleta@webeden.co.uk,Male,54.194.209.106
12,Margret,Prendergrass,mprendergrassb@statcounter.com,Female,243.66.21.31
13,Jud,MacAskill,jmacaskillc@comsenz.com,Male,38.99.206.34
14,Saree,Curteis,scurteisd@networkadvertising.org,Female,48.56.210.244
15,Danni,Antoniottii,dantoniottiie@wix.com,Female,62.230.59.198
16,Sophi,Englefield,senglefieldf@dyndns.org,Female,134.218.76.115
17,Christos,Bimson,cbimsong@desdev.cn,Male,220.195.45.91
18,Janis,De Vere,jdevereh@statcounter.com,Female,144.9.222.122
19,Garrot,Fasler,gfasleri@pagesperso-orange.fr,Male,125.162.23.21
20,Penny,Moffatt,pmoffattj@phpbb.com,Female,56.0.168.114
21,Tansy,Zoephel,tzoephelk@mashable.com,Female,117.70.134.209
22,Westleigh,Birckmann,wbirckmannl@illinois.edu,Male,125.229.187.27
23,Gussi,Hearl,ghearlm@epa.gov,Female,156.157.140.188
24,Dmitri,Priddis,dpriddisn@vimeo.com,Male,9.185.134.59
25,Morton,Howlin,mhowlino@berkeley.edu,Male,154.193.90.105
26,Delaney,Dalgleish,ddalgleishp@java.com,Male,66.216.216.167
27,Damiano,Regorz,dregorzq@yolasite.com,Male,92.43.248.171
28,Daloris,Le Monnier,dlemonnierr@sina.com.cn,Female,101.153.248.52
29,Hobie,Pargeter,hpargeters@ft.com,Male,141.124.31.17
30,Clary,Fley,cfleyt@gov.uk,Female,135.159.78.221
31,Mina,Crady,mcradyu@discovery.com,Female,212.167.219.146
32,Erastus,Garioch,egariochv@opera.com,Male,216.67.141.90
33,Daffy,Mahoney,dmahoneyw@tamu.edu,Female,88.70.56.221
34,Allyce,Fahy,afahyx@prnewswire.com,Female,92.200.197.120
35,Wendall,Duckhouse,wduckhousey@mapquest.com,Male,142.215.52.196
36,Udale,MacGillreich,umacgillreichz@fastcompany.com,Male,149.173.78.165
37,Duffy,Callard,dcallard10@friendfeed.com,Genderqueer,82.194.83.152
38,Fonsie,Causton,fcauston11@springer.com,Male,29.229.98.84
39,Averil,Brodeur,abrodeur12@over-blog.com,Male,208.0.45.12
40,Mohandis,Capnerhurst,mcapnerhurst13@canalblog.com,Male,112.69.224.105
41,Trey,Guiduzzi,tguiduzzi14@gmpg.org,Male,212.40.84.178
42,Rutger,Sexton,rsexton15@nasa.gov,Male,18.235.36.227
43,Noelani,Marklund,nmarklund16@jiathis.com,Female,107.2.77.88
44,Electra,Erridge,eerridge17@google.pl,Female,212.252.161.35
45,Olga,Ware,oware18@webnode.com,Female,215.195.152.120
46,Ludwig,Marrow,lmarrow19@symantec.com,Male,163.13.209.122
47,Rodolfo,Barthrop,rbarthrop1a@hp.com,Male,154.123.103.232
48,Erin,Jost,ejost1b@pagesperso-orange.fr,Female,111.243.81.189
49,Brook,Acreman,bacreman1c@time.com,Female,175.232.247.30
50,Adeline,Seaward,aseaward1d@mayoclinic.com,Female,207.82.225.243
51,Web,Donahue,wdonahue1e@edublogs.org,Male,203.254.21.243
52,Laina,Mansell,lmansell1f@i2i.jp,Female,150.218.27.210
53,Gabriele,Beszant,gbeszant1g@salon.com,Male,214.118.228.85
54,Reynard,Gate,rgate1h@gmpg.org,Male,130.220.7.197
55,Vernon,Minard,vminard1i@mapy.cz,Male,37.19.91.203
56,Gertrudis,Halston,ghalston1j@wordpress.org,Female,249.69.44.210
57,Reece,Mudd,rmudd1k@diigo.com,Male,42.252.199.134
58,Lyndsey,Sonnenschein,lsonnenschein1l@china.com.cn,Agender,199.217.214.229
59,Rivi,Davidy,rdavidy1m@mapquest.com,Female,13.26.218.211
60,Sherlock,Carless,scarless1n@photobucket.com,Male,31.80.103.229
61,Giacinta,Gyenes,ggyenes1o@mozilla.org,Female,152.159.34.98
62,Lucius,Abadam,labadam1p@blinklist.com,Male,17.126.172.153
63,Adaline,Jakuszewski,ajakuszewski1q@gizmodo.com,Female,181.82.191.50
64,Celestia,Bedburrow,cbedburrow1r@cocolog-nifty.com,Genderfluid,45.98.49.236
65,Orlando,Burkwood,oburkwood1s@usatoday.com,Male,168.10.177.185
66,Janel,Linskey,jlinskey1t@acquirethisname.com,Female,237.161.232.45
67,Alain,Tather,atather1u@sbwire.com,Male,16.147.149.87
68,Stearn,McMillan,smcmillan1v@soundcloud.com,Male,12.53.134.223
69,Morna,Harriagn,mharriagn1w@economist.com,Non-binary,185.124.159.110
70,Allie,Smallacombe,asmallacombe1x@census.gov,Polygender,247.211.217.65
71,Thomas,Cutchie,tcutchie1y@elpais.com,Male,29.198.169.188
72,Maurice,Follows,mfollows1z@booking.com,Male,176.59.251.217
73,Cloe,Almey,calmey20@vinaora.com,Female,52.226.12.140
74,Ed,Musprat,emusprat21@prlog.org,Male,73.218.69.159
75,Joela,de Amaya,jdeamaya22@prweb.com,Female,162.91.114.98
76,Timmie,Zielinski,tzielinski23@cmu.edu,Female,108.73.196.228
77,Eartha,Cawsy,ecawsy24@gravatar.com,Female,165.132.107.175
78,Letty,Duggan,lduggan25@sitemeter.com,Female,162.17.33.233
79,Annie,Mixon,amixon26@usgs.gov,Female,125.213.93.166
80,Arni,Weerdenburg,aweerdenburg27@weibo.com,Male,155.59.61.222
81,Lindsay,Grennan,lgrennan28@cbc.ca,Male,27.176.224.237
82,Leslie,Bergstram,lbergstram29@alibaba.com,Male,153.15.14.177
83,Ky,Bahlmann,kbahlmann2a@google.co.jp,Male,23.78.224.234
84,Franklyn,Zuann,fzuann2b@irs.gov,Male,94.5.206.122
85,Celeste,Maly,cmaly2c@amazon.de,Genderfluid,251.218.46.27
86,Pattie,Wemyss,pwemyss2d@nih.gov,Male,15.101.240.54
87,Dianne,Vergo,dvergo2e@oracle.com,Female,131.6.232.173
88,Almira,Evamy,aevamy2f@yahoo.co.jp,Female,137.2.50.187
89,Benn,Robens,brobens2g@businesswire.com,Male,245.195.204.128
90,Desmond,Scotchmer,dscotchmer2h@people.com.cn,Male,29.61.14.16
91,Aurora,Norville,anorville2i@sciencedirect.com,Female,244.121.142.221
92,Leda,Bachura,lbachura2j@fastcompany.com,Female,140.126.94.11
93,Hildagard,Peek,hpeek2k@github.com,Female,53.122.192.247
94,Mandi,Monday,mmonday2l@reverbnation.com,Female,3.27.60.247
95,Ashly,Krishtopaittis,akrishtopaittis2m@google.com.br,Female,251.239.128.199
96,Melania,Archibould,marchibould2n@dmoz.org,Female,208.168.92.39
97,Creigh,Ten Broek,ctenbroek2o@gov.uk,Male,9.232.158.133
98,Amalle,Coppledike,acoppledike2p@spotify.com,Female,119.40.227.175
99,Matthew,Pesticcio,mpesticcio2q@reference.com,Male,23.195.184.233
100,Mason,Flaherty,mflaherty2r@behance.net,Male,140.175.159.185
