id,first_name,last_name,email,gender,ip_address
1101,Philbert,Foxley,pfoxley0@chron.com,Male,95.173.146.131
1102,Darrell,Anersen,danersen1@barnesandnoble.com,Male,112.14.118.46
1103,Vinny,Grut,vgrut2@alibaba.com,Male,238.6.89.14
1104,Lanny,Purnell,lpurnell3@biblegateway.com,Female,219.45.81.180
1105,Homer,Lidgate,hlidgate4@yelp.com,Male,66.143.43.245
1106,Melli,Gulley,mgulley5@hugedomains.com,Female,98.174.155.73
1107,Arlana,Recher,arecher6@etsy.com,Non-binary,48.174.78.26
1108,Guntar,Paolo,gpaolo7@51.la,Male,153.218.3.128
1109,Ina,Scotts,iscotts8@odnoklassniki.ru,Female,14.142.48.117
1110,Rivy,Lower,rlower9@mapquest.com,Female,150.124.151.115
1111,Addy,Calbert,acalberta@delicious.com,Female,87.89.185.181
1112,Mureil,Marshalleck,mmarshalleckb@usgs.gov,Female,47.214.216.150
1113,Rene,Spitell,rspitellc@photobucket.com,Female,8.174.210.102
1114,Perla,Skelington,pskelingtond@unicef.org,Female,6.218.17.247
1115,Rustie,Stilly,rstillye@epa.gov,Male,64.62.192.99
1116,Eal,Gurrado,egurradof@addthis.com,Male,227.80.176.118
1117,Gerhard,Feely,gfeelyg@opensource.org,Bigender,61.28.135.250
1118,Henry,Kuschel,hkuschelh@diigo.com,Male,49.236.123.222
1119,Nappie,Abrahams,nabrahamsi@si.edu,Male,88.130.147.236
1120,Teodora,Jonczyk,tjonczykj@rakuten.co.jp,Female,220.33.93.231
1121,Odilia,Dach,odachk@blogger.com,Female,6.255.126.13
1122,Stanly,Pesterfield,spesterfieldl@mlb.com,Male,103.207.233.193
1123,Jessalin,Croyden,jcroydenm@163.com,Female,222.8.218.101
1124,Tibold,Brick,tbrickn@whitehouse.gov,Male,153.105.36.104
1125,Gar,Wynne,gwynneo@fastcompany.com,Male,30.118.64.61
1126,Beret,Duce,bducep@google.com.au,Female,20.19.103.69
1127,Clarisse,Nuccii,cnucciiq@omniture.com,Female,244.147.127.167
1128,Marinna,Pacht,mpachtr@soup.io,Female,81.94.25.90
1129,Rock,Franzetti,rfranzettis@shinystat.com,Non-binary,22.154.145.202
1130,Abdel,Boakes,aboakest@chronoengine.com,Male,145.155.53.221
1131,Mora,Fearnall,mfearnallu@ucla.edu,Female,217.134.43.5
1132,Web,Pyett,wpyettv@bing.com,Male,68.107.98.132
1133,Jessy,Cantillion,jcantillionw@nhs.uk,Female,118.40.156.21
1134,Camel,Mugg,cmuggx@huffingtonpost.com,Female,9.185.107.92
1135,Aindrea,Groundwater,agroundwatery@indiatimes.com,Female,251.188.66.176
1136,Alva,Gilhouley,agilhouleyz@narod.ru,Male,165.202.221.4
1137,Filmer,de Merida,fdemerida10@usatoday.com,Male,219.5.18.91
1138,Hollyanne,Hatfield,hhatfield11@altervista.org,Female,90.41.135.84
1139,Lyndell,Ambrozewicz,lambrozewicz12@vistaprint.com,Female,48.83.131.84
1140,Annaliese,Maitland,amaitland13@ihg.com,Female,71.15.144.73
1141,Noell,O'Breen,nobreen14@miibeian.gov.cn,Female,121.193.178.225
1142,Borden,Noell,bnoell15@reddit.com,Male,126.156.249.189
1143,Chelsy,Lawty,clawty16@uiuc.edu,Female,138.168.192.240
1144,Artemus,Tweedlie,atweedlie17@narod.ru,Male,79.65.170.165
1145,Petronille,Manifield,pmanifield18@ifeng.com,Female,1.90.197.44
1146,Joceline,Guare,jguare19@free.fr,Female,107.194.143.42
1147,Bogey,Trevorrow,btrevorrow1a@archive.org,Male,171.122.87.221
1148,Della,Hasluck,dhasluck1b@biglobe.ne.jp,Female,92.242.26.83
1149,Ranna,Cohn,rcohn1c@howstuffworks.com,Female,223.113.207.174
1150,Mackenzie,Watsham,mwatsham1d@dedecms.com,Male,201.218.204.207
1151,Verney,Cluney,vcluney1e@abc.net.au,Male,73.199.33.87
1152,Karleen,Zmitruk,kzmitruk1f@sakura.ne.jp,Female,43.214.63.156
1153,Vicki,Morsey,vmorsey1g@furl.net,Female,95.103.5.147
1154,Liam,Hasell,lhasell1h@networksolutions.com,Male,194.138.146.41
1155,Leicester,Cardenas,lcardenas1i@google.pl,Male,225.50.77.180
1156,Daron,Neild,dneild1j@histats.com,Male,233.85.49.21
1157,Carlin,Clemonts,cclemonts1k@google.com.hk,Agender,5.147.120.182
1158,Alasdair,Gobel,agobel1l@sina.com.cn,Male,175.146.72.31
1159,Ulberto,Doornbos,udoornbos1m@nature.com,Male,68.143.84.181
1160,Sosanna,Mullan,smullan1n@jiathis.com,Female,167.123.112.54
1161,Kalinda,Iacovelli,kiacovelli1o@craigslist.org,Agender,128.76.232.37
1162,Dannie,Lumbers,dlumbers1p@skyrock.com,Male,98.98.26.239
1163,Regen,Pendrigh,rpendrigh1q@vinaora.com,Male,226.208.104.195
1164,Idell,Kleinsmuntz,ikleinsmuntz1r@moonfruit.com,Female,121.245.114.151
1165,Gayel,Cossons,gcossons1s@yahoo.com,Female,230.143.79.16
1166,Roderic,Jonin,rjonin1t@ca.gov,Male,216.125.105.128
1167,Jeddy,Loche,jloche1u@typepad.com,Bigender,240.247.198.80
1168,Clarita,Sandyfirth,csandyfirth1v@aol.com,Genderqueer,84.78.125.13
1169,Terry,Caro,tcaro1w@e-recht24.de,Male,52.214.77.188
1170,Arnaldo,Beamont,abeamont1x@jigsy.com,Male,50.180.35.9
1171,Webb,Chiese,wchiese1y@joomla.org,Genderfluid,165.122.209.13
1172,Stacee,Budgen,sbudgen1z@acquirethisname.com,Genderqueer,92.57.198.7
1173,Kelbee,Midson,kmidson20@japanpost.jp,Male,68.93.222.163
1174,Yetty,Revey,yrevey21@marriott.com,Female,206.161.59.118
1175,Simon,Zukerman,szukerman22@spiegel.de,Male,132.230.64.211
1176,Cathyleen,January,cjanuary23@phoca.cz,Female,55.119.219.120
1177,Hailey,Simeons,hsimeons24@dell.com,Male,15.13.130.185
1178,Algernon,Prophet,aprophet25@berkeley.edu,Male,175.141.148.116
1179,Addison,Pallasch,apallasch26@accuweather.com,Male,217.70.166.12
1180,Alistair,Geyton,ageyton27@google.fr,Male,30.159.132.176
1181,Starr,Phillpotts,sphillpotts28@g.co,Non-binary,170.240.58.247
1182,Rowe,Dauby,rdauby29@infoseek.co.jp,Female,35.150.183.205
1183,Con,Nibley,cnibley2a@pen.io,Male,49.56.216.178
1184,Linnell,Poate,lpoate2b@indiegogo.com,Female,78.127.3.203
1185,Teddy,Verrill,tverrill2c@uol.com.br,Female,195.65.154.232
1186,Urbano,Mulvenna,umulvenna2d@reference.com,Male,115.74.147.157
1187,Sharity,Dewerson,sdewerson2e@opensource.org,Female,149.222.38.252
1188,Kikelia,Gallaher,kgallaher2f@columbia.edu,Female,105.159.19.1
1189,Lind,Lovell,llovell2g@unicef.org,Female,222.123.154.190
1190,Ronnie,Syncke,rsyncke2h@cnn.com,Male,254.206.72.27
1191,Roldan,Strawbridge,rstrawbridge2i@meetup.com,Male,135.192.40.245
1192,Rosina,Lusgdin,rlusgdin2j@toplist.cz,Female,216.202.212.94
1193,Tabby,Baudain,tbaudain2k@imageshack.us,Female,172.245.194.104
1194,Constantia,Brandenberg,cbrandenberg2l@pagesperso-orange.fr,Female,169.0.101.53
1195,Romain,Dewberry,rdewberry2m@china.com.cn,Male,141.185.126.14
1196,Jerrome,Attewell,jattewell2n@opera.com,Male,123.179.102.143
1197,Kristofer,Jaumet,kjaumet2o@phpbb.com,Male,13.252.25.60
1198,Suzette,Brash,sbrash2p@telegraph.co.uk,Female,216.69.22.89
1199,Klara,Perocci,kperocci2q@multiply.com,Female,42.191.181.51
1200,Daniella,Denziloe,ddenziloe2r@answers.com,Female,16.30.147.22
1201,Prentiss,Dring,pdring2s@google.co.jp,Male,253.105.168.130
1202,Orv,Bend,obend2t@unc.edu,Polygender,219.156.74.49
1203,Janeva,Tooke,jtooke2u@huffingtonpost.com,Female,28.71.129.58
1204,Fabien,Mayoh,fmayoh2v@home.pl,Male,178.116.98.94
1205,Araldo,Jorioz,ajorioz2w@shinystat.com,Male,156.169.42.176
1206,Karon,Emby,kemby2x@ehow.com,Female,245.181.16.28
1207,Mirelle,Hubbuck,mhubbuck2y@unblog.fr,Female,113.253.20.234
1208,Davina,Rawstorn,drawstorn2z@cornell.edu,Female,230.33.35.116
1209,Darsie,Horbath,dhorbath30@huffingtonpost.com,Female,230.85.170.223
1210,Cordey,Minget,cminget31@nsw.gov.au,Female,26.242.239.40
1211,Lyndsay,Overel,loverel32@dyndns.org,Female,114.243.24.80
1212,Ruthi,Merrilees,rmerrilees33@nytimes.com,Female,30.67.44.235
1213,Janina,Knipe,jknipe34@auda.org.au,Female,179.30.134.72
1214,Garrick,Britner,gbritner35@privacy.gov.au,Polygender,58.3.82.205
1215,Mord,MacVean,mmacvean36@ow.ly,Male,249.86.75.52
1216,Carny,Pembry,cpembry37@linkedin.com,Male,43.22.175.34
1217,Oren,Shelly,oshelly38@blogspot.com,Male,223.189.133.118
1218,Jeni,Phalp,jphalp39@slate.com,Female,94.230.161.23
1219,Nikolia,Kingh,nkingh3a@dyndns.org,Female,140.55.237.124
1220,Merlina,Ferreo,mferreo3b@rediff.com,Female,164.56.224.156
1221,Welch,Winckworth,wwinckworth3c@telegraph.co.uk,Male,114.66.143.7
1222,Drugi,Seager,dseager3d@xing.com,Male,204.199.45.248
1223,Wyatt,Greaterex,wgreaterex3e@reddit.com,Male,52.20.135.79
1224,Livvie,Hearons,lhearons3f@is.gd,Female,38.161.64.114
1225,Boigie,Brislen,bbrislen3g@psu.edu,Male,102.102.149.7
1226,Kyle,Trowsdall,ktrowsdall3h@microsoft.com,Genderfluid,215.118.191.225
1227,Margaret,Lattin,mlattin3i@xrea.com,Genderqueer,234.241.32.176
1228,Berny,Pozer,bpozer3j@ox.ac.uk,Female,220.136.65.232
1229,Silvie,Mulvagh,smulvagh3k@businessweek.com,Female,151.144.226.22
1230,Brandy,Abbe,babbe3l@wunderground.com,Female,184.41.156.158
1231,Terry,Raspel,traspel3m@pinterest.com,Male,151.130.67.160
1232,Nerta,Perazzo,nperazzo3n@go.com,Genderfluid,213.99.137.234
1233,Danny,Tuke,dtuke3o@usgs.gov,Male,233.185.111.123
1234,Aurelia,Marieton,amarieton3p@163.com,Female,169.230.251.33
1235,Myrtia,Witling,mwitling3q@chronoengine.com,Female,248.64.41.93
1236,Aloise,Bruneton,abruneton3r@paypal.com,Female,211.19.29.23
1237,Reinaldos,Barrim,rbarrim3s@princeton.edu,Male,155.191.87.25
1238,Candy,Dudden,cdudden3t@free.fr,Female,54.72.207.140
1239,Vivian,Saward,vsaward3u@opera.com,Female,88.194.160.236
1240,Anica,Yearsley,ayearsley3v@mlb.com,Female,152.161.54.192
1241,Tadd,Croy,tcroy3w@hp.com,Male,50.28.137.97
1242,Norene,Sannes,nsannes3x@netscape.com,Female,154.64.147.159
1243,Gerrilee,Temprell,gtemprell3y@flickr.com,Female,15.204.100.55
1244,Silvio,Marquese,smarquese3z@prlog.org,Male,63.121.33.90
1245,Wayne,MacKill,wmackill40@ox.ac.uk,Male,128.135.161.153
1246,Casandra,Gallaher,cgallaher41@discovery.com,Female,197.249.110.179
1247,Florencia,Heber,fheber42@123-reg.co.uk,Female,84.172.124.145
1248,Robinetta,Raimbauld,rraimbauld43@eepurl.com,Female,213.199.145.220
1249,Dianne,Stoddart,dstoddart44@networksolutions.com,Female,111.80.208.246
1250,Dolley,Lackie,dlackie45@miitbeian.gov.cn,Female,127.11.93.148
1251,Fredericka,De Winton,fdewinton46@photobucket.com,Female,208.199.88.126
1252,Niall,Corde,ncorde47@diigo.com,Male,131.137.136.44
1253,Kaitlynn,Flode,kflode48@shutterfly.com,Female,162.110.75.175
1254,Florencia,Threadgould,fthreadgould49@gmpg.org,Female,76.108.159.114
1255,Lorrie,Wheadon,lwheadon4a@earthlink.net,Female,168.203.102.20
1256,Amalita,Trusler,atrusler4b@gmpg.org,Female,250.210.166.39
1257,Celesta,Luc,cluc4c@dion.ne.jp,Female,137.82.195.221
1258,Amandy,Fogarty,afogarty4d@ask.com,Female,171.89.33.114
1259,Xylia,Pollicatt,xpollicatt4e@census.gov,Female,94.50.241.47
1260,Cornall,Eltun,celtun4f@multiply.com,Male,57.131.181.143
1261,Donia,Coyish,dcoyish4g@hexun.com,Female,124.44.170.72
1262,Dinnie,Schimpke,dschimpke4h@deliciousdays.com,Female,194.117.195.109
1263,Bern,Caswell,bcaswell4i@state.tx.us,Genderqueer,128.125.144.26
1264,Barty,Lakenden,blakenden4j@dedecms.com,Male,32.28.168.77
1265,Arch,Starton,astarton4k@storify.com,Male,67.123.175.33
1266,Lou,Staines,lstaines4l@goodreads.com,Female,125.137.68.144
1267,Ralina,Piken,rpiken4m@webmd.com,Female,21.23.113.41
1268,Latisha,Ferry,lferry4n@imdb.com,Bigender,112.234.219.131
1269,Rozamond,Eddis,reddis4o@behance.net,Female,189.91.101.31
1270,Gian,Horribine,ghorribine4p@dyndns.org,Polygender,135.189.10.138
1271,Luce,Ganing,lganing4q@4shared.com,Male,46.165.85.8
1272,Keri,Garie,kgarie4r@cyberchimps.com,Female,22.129.5.249
1273,Dee,Tartt,dtartt4s@ca.gov,Female,212.172.13.91
1274,Rosanna,Negal,rnegal4t@jimdo.com,Female,189.67.173.12
1275,Mile,Mizen,mmizen4u@oaic.gov.au,Male,210.172.72.102
1276,Harriot,Edgett,hedgett4v@wikia.com,Female,203.51.57.162
1277,Konstantin,Davidofski,kdavidofski4w@elegantthemes.com,Genderqueer,4.67.252.181
1278,Jens,Boshier,jboshier4x@cpanel.net,Male,84.93.120.160
1279,Arman,Bresland,abresland4y@live.com,Male,166.207.223.234
1280,Dania,Wearn,dwearn4z@umn.edu,Female,22.56.18.220
1281,Helaina,Fetterplace,hfetterplace50@whitehouse.gov,Female,33.230.58.44
1282,Skipp,Chuter,schuter51@macromedia.com,Male,246.74.226.255
1283,Zoe,Curtayne,zcurtayne52@pbs.org,Agender,89.216.212.159
1284,Cacilie,Swindon,cswindon53@hostgator.com,Female,195.176.224.158
1285,Berri,Baptista,bbaptista54@usgs.gov,Female,140.57.206.110
1286,Flin,Cornbill,fcornbill55@discuz.net,Male,71.136.59.164
1287,Eberto,Demageard,edemageard56@meetup.com,Male,44.77.63.106
1288,Bartholemy,Bane,bbane57@google.com.br,Male,222.32.60.219
1289,Blancha,Gooda,bgooda58@earthlink.net,Female,167.66.2.119
1290,Herc,Peasby,hpeasby59@twitter.com,Male,115.21.181.241
1291,Fitz,Sich,fsich5a@stumbleupon.com,Male,247.194.235.117
1292,Bendix,Espinheira,bespinheira5b@artisteer.com,Male,103.234.245.35
1293,Golda,Sole,gsole5c@examiner.com,Female,34.165.57.233
1294,Margarette,Mammatt,mmammatt5d@purevolume.com,Female,21.130.3.225
1295,Bevon,Yukhtin,byukhtin5e@addtoany.com,Male,137.82.227.204
1296,Thaine,Primett,tprimett5f@nyu.edu,Male,32.28.39.226
1297,Hagen,Freeman,hfreeman5g@over-blog.com,Male,141.228.122.21
1298,Ade,Correa,acorrea5h@europa.eu,Male,96.70.16.106
1299,Justen,Yurkevich,jyurkevich5i@seattletimes.com,Male,30.128.229.203
1300,Tracy,Body,tbody5j@wix.com,Female,197.214.4.16
1301,Haydon,Owbridge,howbridge5k@usgs.gov,Male,137.142.223.43
1302,Larry,Bursell,lbursell5l@harvard.edu,Male,186.96.130.9
1303,Artemis,Jaukovic,ajaukovic5m@wix.com,Male,188.17.7.210
1304,Brett,Gockeler,bgockeler5n@archive.org,Male,110.57.245.174
1305,Mattie,Lorens,mlorens5o@wikipedia.org,Male,230.237.72.38
1306,Basilius,Gallandre,bgallandre5p@t-online.de,Male,36.13.104.164
1307,Verina,Skivington,vskivington5q@wikimedia.org,Female,25.248.8.121
1308,Caria,Spruce,cspruce5r@bandcamp.com,Female,54.13.214.128
1309,Karita,Pavey,kpavey5s@squidoo.com,Genderfluid,102.6.202.206
1310,Sasha,Fulle,sfulle5t@google.com.au,Male,55.201.38.3
1311,Vincent,Duchatel,vduchatel5u@wiley.com,Male,133.188.91.48
1312,Izaak,Ordidge,iordidge5v@pen.io,Male,80.217.187.135
1313,Tallie,Greenough,tgreenough5w@alibaba.com,Male,234.242.25.64
1314,Bella,Lintot,blintot5x@de.vu,Female,32.178.18.129
1315,Ingmar,Percifull,ipercifull5y@reference.com,Male,12.47.187.1
1316,Bertrand,Minifie,bminifie5z@whitehouse.gov,Male,166.223.119.56
1317,Mady,Longfield,mlongfield60@tripadvisor.com,Female,4.18.216.195
1318,Roosevelt,Freed,rfreed61@seesaa.net,Male,100.116.124.132
1319,Leonerd,Whiting,lwhiting62@nymag.com,Genderfluid,239.249.233.209
1320,Frants,Pedrocchi,fpedrocchi63@buzzfeed.com,Male,202.213.108.116
1321,Fernando,Swigger,fswigger64@scribd.com,Male,177.63.68.51
1322,Merwin,Trahar,mtrahar65@dion.ne.jp,Male,89.121.195.108
1323,Caritta,Southway,csouthway66@wsj.com,Female,239.93.210.30
1324,Harlin,Plumb,hplumb67@shutterfly.com,Genderfluid,152.1.19.141
1325,Orlando,Bleackley,obleackley68@uol.com.br,Male,230.218.137.100
1326,Marleah,Wareing,mwareing69@ucoz.ru,Female,139.56.82.25
1327,Krishna,Steggles,ksteggles6a@zimbio.com,Male,232.169.33.1
1328,Berty,Huc,bhuc6b@washingtonpost.com,Male,161.15.232.3
1329,Ira,Breslau,ibreslau6c@abc.net.au,Male,96.14.56.188
1330,Veda,MacAulay,vmacaulay6d@twitpic.com,Female,87.111.24.205
1331,Delly,Boow,dboow6e@upenn.edu,Female,202.123.246.57
1332,Anselma,Lochrie,alochrie6f@hp.com,Genderfluid,154.5.21.206
1333,Beau,Gerant,bgerant6g@hhs.gov,Male,226.19.136.45
1334,Charmane,Havers,chavers6h@mysql.com,Genderfluid,167.24.9.31
1335,Germain,Pay,gpay6i@miitbeian.gov.cn,Female,113.5.141.162
1336,Hasheem,Tomson,htomson6j@amazon.co.jp,Male,69.166.254.139
1337,Gabie,Pentony,gpentony6k@fc2.com,Genderfluid,140.146.203.210
1338,Francis,Chatainier,fchatainier6l@mit.edu,Male,61.170.28.221
1339,Nataniel,Hansana,nhansana6m@auda.org.au,Male,51.94.230.197
1340,Flynn,Ortas,fortas6n@drupal.org,Male,63.171.241.249
1341,Dre,O' Concannon,doconcannon6o@ustream.tv,Female,98.209.14.188
1342,Mickie,Arthey,marthey6p@nationalgeographic.com,Male,17.110.233.30
1343,Jamal,Berthomieu,jberthomieu6q@google.com.hk,Male,232.36.87.19
1344,Othelia,MacCallion,omaccallion6r@ovh.net,Genderfluid,19.5.100.188
1345,Gabriella,Middleweek,gmiddleweek6s@youtube.com,Female,170.243.219.55
1346,Karyl,Dunderdale,kdunderdale6t@google.com.br,Polygender,238.139.148.73
1347,Eugenio,Bockmaster,ebockmaster6u@who.int,Male,82.124.141.253
1348,Marielle,Bowe,mbowe6v@japanpost.jp,Non-binary,237.237.244.127
1349,Saw,Mardee,smardee6w@about.com,Male,129.142.160.144
1350,Jolie,Hamblen,jhamblen6x@nbcnews.com,Female,212.49.152.78
1351,Revkah,Gush,rgush6y@irs.gov,Agender,229.117.6.254
1352,Meghann,Hathwood,mhathwood6z@infoseek.co.jp,Female,140.144.38.31
1353,Dennet,Clever,dclever70@studiopress.com,Male,203.228.103.170
1354,Franciskus,Shelf,fshelf71@tripadvisor.com,Male,251.192.167.5
1355,Dmitri,Lumsdaine,dlumsdaine72@istockphoto.com,Male,192.53.51.72
1356,Matthiew,Adkins,madkins73@thetimes.co.uk,Male,210.169.239.78
1357,Sammie,Sheeran,ssheeran74@adobe.com,Male,166.242.29.62
1358,Man,Gardener,mgardener75@a8.net,Male,215.38.48.81
1359,Isabeau,Burns,iburns76@google.com,Female,81.9.35.209
1360,Nancee,Plester,nplester77@abc.net.au,Female,62.103.223.51
1361,Amery,Gommes,agommes78@infoseek.co.jp,Male,190.153.48.160
1362,Dougy,Brumhead,dbrumhead79@angelfire.com,Male,138.92.234.195
1363,Radcliffe,Bricksey,rbricksey7a@nps.gov,Male,204.247.16.143
1364,Perri,Haggard,phaggard7b@rediff.com,Female,27.117.237.23
1365,Seana,Aldersea,saldersea7c@slashdot.org,Female,69.68.127.44
1366,Raynor,Di Biagi,rdibiagi7d@nationalgeographic.com,Non-binary,59.52.108.171
1367,Zackariah,Anetts,zanetts7e@privacy.gov.au,Male,209.160.121.173
1368,Lowrance,Chsteney,lchsteney7f@privacy.gov.au,Male,6.140.134.67
1369,Seana,Hatch,shatch7g@bloglovin.com,Female,58.230.118.144
1370,Raul,Poure,rpoure7h@fema.gov,Male,32.232.43.183
1371,Alexandr,Gallihaulk,agallihaulk7i@prlog.org,Male,203.125.173.26
1372,Frannie,Bush,fbush7j@fda.gov,Male,7.185.130.187
1373,Ivett,Malt,imalt7k@ibm.com,Female,107.66.229.90
1374,Maurits,Lindsay,mlindsay7l@cpanel.net,Male,236.223.190.194
1375,Eli,Grigoryov,egrigoryov7m@ask.com,Male,39.103.64.75
1376,Ellsworth,Lightbourne,elightbourne7n@chronoengine.com,Male,27.139.223.226
1377,Damaris,Childes,dchildes7o@accuweather.com,Female,72.71.215.60
1378,Wood,Routh,wrouth7p@live.com,Male,235.198.220.18
1379,Lenka,Kermode,lkermode7q@pcworld.com,Female,178.8.153.122
1380,Edgar,Wisniewski,ewisniewski7r@tinyurl.com,Male,45.37.208.103
1381,Giorgio,Hamsher,ghamsher7s@slideshare.net,Male,242.223.96.176
1382,Collin,Bruniges,cbruniges7t@theguardian.com,Male,13.98.8.44
1383,Reinwald,Hagston,rhagston7u@forbes.com,Male,0.124.128.217
1384,Niel,Colgan,ncolgan7v@yahoo.com,Male,249.172.17.189
1385,Artie,Kuschke,akuschke7w@earthlink.net,Male,64.116.134.165
1386,Maryanna,Bythway,mbythway7x@earthlink.net,Non-binary,76.11.244.35
1387,Benedict,Sulter,bsulter7y@cafepress.com,Male,135.165.21.75
1388,Arne,O'Sirin,aosirin7z@geocities.jp,Male,104.110.111.117
1389,Peyter,Popham,ppopham80@cnn.com,Male,152.39.24.74
1390,Olly,Kemmish,okemmish81@angelfire.com,Male,142.119.146.187
1391,Mignon,Lambal,mlambal82@rambler.ru,Female,114.239.211.64
1392,Casper,Vautre,cvautre83@yellowbook.com,Male,110.3.147.184
1393,Ailina,Kellar,akellar84@amazon.com,Female,170.38.128.118
1394,Wandis,Cavee,wcavee85@ameblo.jp,Female,111.126.31.174
1395,Aland,Urquhart,aurquhart86@google.com.au,Male,222.103.137.22
1396,Hilary,Singleton,hsingleton87@nba.com,Male,196.140.208.139
1397,Jordanna,Markus,jmarkus88@ifeng.com,Female,102.225.205.7
1398,Rebekkah,Churchouse,rchurchouse89@seattletimes.com,Female,7.194.131.143
1399,Ethelin,Pallant,epallant8a@tinyurl.com,Female,191.21.201.198
1400,Robena,Innot,rinnot8b@sbwire.com,Female,67.213.16.29
1401,Cyb,Skews,cskews8c@businessinsider.com,Female,88.124.192.235
1402,Nadean,Arents,narents8d@ucoz.com,Polygender,118.243.105.179
1403,King,Dobrowolski,kdobrowolski8e@ca.gov,Male,255.5.28.136
1404,Codi,Kingsly,ckingsly8f@discovery.com,Male,159.17.43.10
1405,Emelyne,Jirka,ejirka8g@typepad.com,Female,202.103.123.182
1406,Henry,Iacovucci,hiacovucci8h@wikimedia.org,Male,5.236.211.118
1407,Budd,Mattson,bmattson8i@gov.uk,Male,242.1.150.174
1408,Parnell,Yeardley,pyeardley8j@g.co,Male,193.188.196.47
1409,Bonnibelle,Kirkwood,bkirkwood8k@usnews.com,Female,170.63.124.172
1410,Calypso,Hiland,chiland8l@blogtalkradio.com,Female,173.52.191.170
1411,Jessalyn,Zaniolo,jzaniolo8m@nasa.gov,Agender,4.150.175.115
1412,Norrie,Clemmensen,nclemmensen8n@webnode.com,Male,168.125.121.93
1413,Paxton,Chidler,pchidler8o@boston.com,Male,146.136.15.126
1414,Jeannie,Beefon,jbeefon8p@tripod.com,Female,65.8.96.122
1415,Arne,Bensen,abensen8q@samsung.com,Male,159.141.221.197
1416,Renate,Merwood,rmerwood8r@163.com,Female,60.50.249.223
1417,Roberta,Hammelberg,rhammelberg8s@scribd.com,Female,223.235.28.22
1418,Kelila,Bevar,kbevar8t@deliciousdays.com,Female,148.211.94.25
1419,Claybourne,Carlett,ccarlett8u@cnn.com,Male,85.122.124.89
1420,Justus,Look,jlook8v@pbs.org,Male,70.62.253.8
1421,Remus,Worboys,rworboys8w@discuz.net,Male,201.156.145.163
1422,Sibel,MacDiarmond,smacdiarmond8x@techcrunch.com,Female,246.212.103.122
1423,Aldo,Orneles,aorneles8y@cbsnews.com,Male,237.211.83.88
1424,Karisa,McGarrahan,kmcgarrahan8z@istockphoto.com,Female,180.216.77.158
1425,Goddard,McKechnie,gmckechnie90@reverbnation.com,Male,183.185.134.125
1426,Frederich,Gervaise,fgervaise91@is.gd,Male,26.74.202.208
1427,Regen,Melding,rmelding92@wp.com,Male,239.95.5.84
1428,Elspeth,Cristoforetti,ecristoforetti93@booking.com,Female,111.98.225.137
1429,Kliment,Essel,kessel94@i2i.jp,Male,46.76.238.234
1430,Nigel,Reneke,nreneke95@godaddy.com,Male,45.194.14.8
1431,Dyna,Fewkes,dfewkes96@comcast.net,Female,27.228.8.171
1432,Ellsworth,Aberdalgy,eaberdalgy97@digg.com,Male,245.217.70.66
1433,Krystalle,Abdy,kabdy98@latimes.com,Female,63.90.127.33
1434,Ahmad,Helks,ahelks99@51.la,Male,196.76.82.106
1435,Ingra,Jurek,ijurek9a@1und1.de,Male,235.25.190.2
1436,Keith,Howick,khowick9b@chron.com,Male,0.150.177.41
1437,Jobina,Kenzie,jkenzie9c@wufoo.com,Female,135.234.157.61
1438,Pennie,Ismirnioglou,pismirnioglou9d@independent.co.uk,Male,226.182.164.117
1439,Rab,Spittles,rspittles9e@so-net.ne.jp,Male,13.24.64.223
1440,Eddie,Cowmeadow,ecowmeadow9f@g.co,Female,157.163.84.224
1441,Lina,Hurdidge,lhurdidge9g@addtoany.com,Female,215.138.78.182
1442,Teddie,Hames,thames9h@google.com,Female,108.202.194.249
1443,Diana,McEwen,dmcewen9i@cmu.edu,Female,199.59.123.112
1444,Correna,Heinsen,cheinsen9j@joomla.org,Genderqueer,105.143.117.78
1445,Desmond,Tunny,dtunny9k@prlog.org,Male,143.59.192.165
1446,Maritsa,Earwaker,mearwaker9l@edublogs.org,Female,205.9.10.141
1447,Ruthann,Planks,rplanks9m@addtoany.com,Female,15.243.23.211
1448,Livvy,Longhurst,llonghurst9n@businessweek.com,Female,88.44.238.174
1449,Leighton,Cossell,lcossell9o@sakura.ne.jp,Male,46.126.158.215
1450,Haslett,Worgen,hworgen9p@yelp.com,Male,229.202.198.110
1451,Dannie,Elcoat,delcoat9q@ted.com,Female,27.106.227.20
1452,Ketti,Davie,kdavie9r@uol.com.br,Female,249.122.207.146
1453,Erny,Crummie,ecrummie9s@disqus.com,Male,71.209.175.90
1454,Joni,Beels,jbeels9t@wikia.com,Female,47.70.218.53
1455,Russ,Lyard,rlyard9u@npr.org,Male,130.221.76.9
1456,Celestine,Memory,cmemory9v@a8.net,Female,23.138.137.199
1457,Tilly,Clink,tclink9w@about.com,Female,42.77.152.214
1458,Cletus,Goulder,cgoulder9x@pcworld.com,Male,49.42.104.118
1459,Berri,Wasmer,bwasmer9y@nifty.com,Female,155.241.251.8
1460,Shaylyn,Garrood,sgarrood9z@bizjournals.com,Female,109.142.37.147
1461,Carling,Hebblewhite,chebblewhitea0@cbc.ca,Male,23.128.87.4
1462,Leda,Trainer,ltrainera1@artisteer.com,Female,217.55.255.173
1463,Patty,Terzo,pterzoa2@cnet.com,Male,52.32.88.90
1464,Crichton,Dillestone,cdillestonea3@adobe.com,Male,80.48.178.245
1465,Gertrud,Tremmel,gtremmela4@time.com,Non-binary,33.84.47.147
1466,Ara,Balcombe,abalcombea5@about.com,Male,92.152.172.3
1467,Grover,Kerbey,gkerbeya6@bing.com,Male,10.49.229.114
1468,Annabelle,Hagan,ahagana7@vkontakte.ru,Female,202.54.181.254
1469,Peyton,Gilliver,pgillivera8@4shared.com,Genderqueer,69.189.18.5
1470,Seamus,Rowberry,srowberrya9@last.fm,Male,101.197.254.207
1471,Arvy,Bullimore,abullimoreaa@digg.com,Male,173.235.92.215
1472,Ettore,Kaminski,ekaminskiab@china.com.cn,Male,92.35.133.0
1473,Leoine,Bruckental,lbruckentalac@taobao.com,Female,82.127.255.163
1474,Saul,McNeilly,smcneillyad@goo.ne.jp,Male,25.208.20.249
1475,Zara,Barthelme,zbarthelmeae@usnews.com,Female,186.106.71.140
1476,Travus,Clibbery,tclibberyaf@jiathis.com,Male,11.97.107.53
1477,Garrek,Osborne,gosborneag@amazonaws.com,Male,112.118.22.30
1478,Tadeo,Howes,thowesah@opera.com,Male,209.116.93.13
1479,Killy,Monan,kmonanai@utexas.edu,Male,211.153.179.214
1480,Starlene,Korb,skorbaj@zimbio.com,Female,250.155.60.253
1481,Walther,Daouze,wdaouzeak@marketwatch.com,Male,188.51.138.182
1482,Siegfried,O'Sirin,sosirinal@vimeo.com,Male,13.150.136.24
1483,Sibel,Packwood,spackwoodam@homestead.com,Female,152.197.145.76
1484,Bethanne,Boutwell,bboutwellan@sphinn.com,Female,3.98.35.78
1485,Marge,Brittan,mbrittanao@vimeo.com,Female,99.168.158.157
1486,Oswald,Elland,oellandap@privacy.gov.au,Male,190.56.38.17
1487,Gary,McPeake,gmcpeakeaq@icq.com,Male,9.252.187.236
1488,Ardith,Starmore,astarmorear@shinystat.com,Female,139.189.249.242
1489,Iggie,Burdekin,iburdekinas@hatena.ne.jp,Male,32.143.166.162
1490,Gaultiero,Canadine,gcanadineat@mediafire.com,Male,13.162.103.163
1491,Elsbeth,Doddemeede,edoddemeedeau@rediff.com,Female,217.114.197.50
1492,Rois,Amner,ramnerav@zimbio.com,Bigender,192.11.138.95
1493,Kelley,Nazair,knazairaw@hao123.com,Male,133.208.6.86
1494,Francine,Matejic,fmatejicax@arizona.edu,Female,19.118.127.1
1495,Koenraad,Rossi,krossiay@people.com.cn,Male,132.82.124.165
1496,Kania,Sidden,ksiddenaz@multiply.com,Female,232.212.65.143
1497,Mabel,Mann,mmannb0@indiegogo.com,Female,246.98.125.186
1498,Milicent,Sloss,mslossb1@abc.net.au,Female,236.8.82.178
1499,Sher,Robiou,srobioub2@unc.edu,Female,126.85.28.60
1500,Nady,Chestle,nchestleb3@yandex.ru,Female,148.59.105.226
1501,Jayme,Bellwood,jbellwoodb4@feedburner.com,Male,139.246.136.14
1502,Kain,Billborough,kbillboroughb5@booking.com,Male,73.55.148.41
1503,Halsey,Hamman,hhammanb6@dedecms.com,Male,4.109.203.61
1504,Killie,Lumbley,klumbleyb7@paypal.com,Male,234.208.41.147
1505,Prince,Ricks,pricksb8@apache.org,Non-binary,243.131.215.86
1506,Kayne,Arnaldi,karnaldib9@irs.gov,Male,140.28.5.173
1507,Shayla,Ecob,secobba@baidu.com,Female,66.152.108.50
1508,Deeyn,Antrum,dantrumbb@quantcast.com,Female,233.6.238.7
1509,Edita,Clancy,eclancybc@rakuten.co.jp,Female,122.120.185.138
1510,Ragnar,Vaneschi,rvaneschibd@state.gov,Male,103.82.181.200
1511,Wallis,Scarsbrooke,wscarsbrookebe@ifeng.com,Male,208.190.17.119
1512,Julian,Carvell,jcarvellbf@tuttocitta.it,Male,8.105.148.79
1513,Marie-ann,Fihelly,mfihellybg@howstuffworks.com,Female,119.37.46.64
1514,Fifi,Mattusov,fmattusovbh@spotify.com,Female,56.66.151.3
1515,Mela,Doulden,mdouldenbi@nydailynews.com,Female,112.115.208.110
1516,Lyon,Eschalotte,leschalottebj@nasa.gov,Male,174.225.174.228
1517,Lauree,Beamiss,lbeamissbk@cbslocal.com,Female,42.204.29.132
1518,Fritz,Leadley,fleadleybl@diigo.com,Male,200.101.145.97
1519,Dalia,Tomsett,dtomsettbm@nbcnews.com,Female,70.57.140.200
1520,Minnaminnie,Yeell,myeellbn@miitbeian.gov.cn,Female,194.106.55.7
1521,Taddeusz,Bernhardsson,tbernhardssonbo@blinklist.com,Male,128.228.136.232
1522,Gun,Spinley,gspinleybp@elpais.com,Male,92.14.132.46
1523,Katusha,Wiggin,kwigginbq@etsy.com,Female,165.210.184.92
1524,Retha,McPeice,rmcpeicebr@dropbox.com,Female,198.90.87.8
1525,Cobby,Lehr,clehrbs@wikispaces.com,Male,144.162.234.13
1526,Nicky,Wolstencroft,nwolstencroftbt@timesonline.co.uk,Male,141.181.6.228
1527,Carlita,Allen,callenbu@gov.uk,Female,94.84.217.111
1528,Eliza,Tamas,etamasbv@statcounter.com,Genderfluid,33.76.191.53
1529,Christophe,Surgenor,csurgenorbw@elegantthemes.com,Male,246.191.98.58
1530,Trixy,Torrie,ttorriebx@yolasite.com,Female,224.148.77.58
1531,Forrester,Piborn,fpibornby@cmu.edu,Male,15.224.36.194
1532,Marcelline,Alloisi,malloisibz@etsy.com,Female,129.27.229.97
1533,Sukey,Carnall,scarnallc0@wordpress.com,Female,197.46.60.124
1534,Georgianna,Earnshaw,gearnshawc1@taobao.com,Female,35.204.195.33
1535,Barris,Puxley,bpuxleyc2@netlog.com,Male,227.229.151.189
1536,Pearla,Ambroziak,pambroziakc3@w3.org,Female,110.70.213.32
1537,Verena,Sedworth,vsedworthc4@artisteer.com,Female,178.238.194.84
1538,Aldric,Sivell,asivellc5@nih.gov,Male,248.55.124.233
1539,Vick,Lasham,vlashamc6@disqus.com,Male,158.67.1.127
1540,Haven,Workes,hworkesc7@archive.org,Male,136.104.173.18
1541,Dilan,Maisey,dmaiseyc8@storify.com,Male,239.65.116.150
1542,Duncan,Grigg,dgriggc9@soundcloud.com,Male,23.108.89.192
1543,Modesty,Menary,mmenaryca@squarespace.com,Female,167.160.75.183
1544,Guillemette,Grindlay,ggrindlaycb@unesco.org,Female,83.253.198.16
1545,Towney,Cheek,tcheekcc@reference.com,Male,245.135.245.241
1546,Sherm,Baltzar,sbaltzarcd@is.gd,Male,144.126.90.105
1547,Geneva,Lilion,glilionce@g.co,Female,240.28.235.136
1548,Elsbeth,Rickell,erickellcf@state.gov,Female,89.213.251.147
1549,Andros,Beacon,abeaconcg@chron.com,Male,253.190.254.116
1550,Etheline,Atcheson,eatchesonch@cafepress.com,Female,163.122.125.71
1551,Arnie,Wattingham,awattinghamci@dion.ne.jp,Male,64.122.242.115
1552,Petronille,McRinn,pmcrinncj@parallels.com,Female,77.227.84.40
1553,Onofredo,Lyness,olynessck@rakuten.co.jp,Male,92.254.115.203
1554,Cecil,Tolwood,ctolwoodcl@tripod.com,Male,31.186.122.151
1555,Ag,Ochterlony,aochterlonycm@shinystat.com,Female,233.250.169.171
1556,Marie,Loyns,mloynscn@princeton.edu,Female,192.114.189.217
1557,Aubert,Semble,asembleco@census.gov,Agender,129.180.238.148
1558,Burk,Tettersell,btettersellcp@time.com,Male,124.9.8.157
1559,Aigneis,Cashley,acashleycq@whitehouse.gov,Female,227.28.10.206
1560,Grantham,Knobell,gknobellcr@sohu.com,Male,215.84.196.219
1561,Adele,Kilpatrick,akilpatrickcs@indiatimes.com,Female,155.169.92.47
1562,Witty,O'Shiels,woshielsct@shareasale.com,Male,128.103.150.106
1563,Andree,Sier,asiercu@harvard.edu,Female,33.141.172.133
1564,Greg,Yarnell,gyarnellcv@abc.net.au,Male,198.127.198.49
1565,Brig,Cain,bcaincw@unc.edu,Male,5.189.93.12
1566,Gun,Szapiro,gszapirocx@yellowbook.com,Male,150.109.97.225
1567,Gladys,Mishow,gmishowcy@lulu.com,Genderqueer,250.208.91.112
1568,Shaw,Graddon,sgraddoncz@meetup.com,Male,146.95.62.133
1569,Elfreda,Downie,edownied0@kickstarter.com,Female,136.64.140.238
1570,Gregoire,Manketell,gmanketelld1@icio.us,Male,81.68.43.97
1571,Truman,Symcock,tsymcockd2@shareasale.com,Male,104.177.131.139
1572,Xymenes,McKevany,xmckevanyd3@biglobe.ne.jp,Male,63.249.93.188
1573,Udall,Stanners,ustannersd4@bizjournals.com,Male,235.252.211.139
1574,Nataline,Hebner,nhebnerd5@webnode.com,Female,227.141.35.154
1575,Juana,Wyer,jwyerd6@t.co,Female,28.221.189.49
1576,Tabitha,De Ruel,tderueld7@privacy.gov.au,Female,237.78.235.160
1577,Lanette,Giabuzzi,lgiabuzzid8@soup.io,Female,29.36.146.35
1578,Carine,Camilletti,ccamillettid9@ft.com,Female,115.62.210.209
1579,Kareem,Loxly,kloxlyda@discovery.com,Male,58.165.235.25
1580,Dian,Deeks,ddeeksdb@ucla.edu,Female,176.180.4.143
1581,Rudie,Ewert,rewertdc@google.com,Male,37.72.30.87
1582,Clerc,Mingo,cmingodd@scribd.com,Male,191.85.28.181
1583,Kelly,McGaugie,kmcgaugiede@blinklist.com,Male,147.214.20.148
1584,Ivor,Cranstoun,icranstoundf@stumbleupon.com,Bigender,42.225.167.135
1585,Marisa,Alliband,mallibanddg@reuters.com,Female,47.103.64.129
1586,Coriss,Crowch,ccrowchdh@purevolume.com,Female,95.66.57.104
1587,Delainey,Romanini,dromaninidi@marketwatch.com,Male,129.99.184.209
1588,Chadwick,O'Flynn,coflynndj@facebook.com,Polygender,173.188.5.214
1589,Alfonso,Hanton,ahantondk@cmu.edu,Male,246.32.30.228
1590,Terrence,O'Monahan,tomonahandl@xinhuanet.com,Male,31.84.89.38
1591,Petunia,Ludwig,pludwigdm@nhs.uk,Female,58.106.198.122
1592,Fayth,Morby,fmorbydn@ted.com,Female,241.237.38.93
1593,Monro,Van Hesteren,mvanhesterendo@last.fm,Male,83.131.57.86
1594,Massimiliano,Clemot,mclemotdp@theatlantic.com,Male,211.216.146.37
1595,Shayna,Trosdall,strosdalldq@columbia.edu,Female,232.100.30.2
1596,Mamie,Gladstone,mgladstonedr@tiny.cc,Female,170.10.49.53
1597,Dave,Cresswell,dcresswellds@shop-pro.jp,Male,25.40.0.27
1598,Rickard,Scroggins,rscrogginsdt@sourceforge.net,Male,184.197.183.67
1599,Fletch,Yockley,fyockleydu@godaddy.com,Male,130.77.28.224
1600,Dieter,Ottam,dottamdv@bizjournals.com,Male,9.60.170.162
1601,Hashim,Slucock,hslucockdw@1und1.de,Male,250.130.98.248
1602,Lane,Colnet,lcolnetdx@icio.us,Female,239.255.233.109
1603,Lynette,Gummer,lgummerdy@alexa.com,Female,149.120.47.233
1604,Ursa,McEnhill,umcenhilldz@google.nl,Female,26.62.44.94
1605,Mariellen,Chopy,mchopye0@unicef.org,Female,171.189.240.186
1606,Rupert,Happs,rhappse1@homestead.com,Male,106.35.34.7
1607,Horatio,Fluck,hflucke2@goo.ne.jp,Male,132.9.215.53
1608,Pierette,Stranio,pstranioe3@nps.gov,Female,243.67.231.194
1609,Lamar,Foort,lfoorte4@livejournal.com,Male,255.137.141.120
1610,Vernor,Ruthven,vruthvene5@dedecms.com,Male,14.178.202.158
1611,Riccardo,McDonell,rmcdonelle6@yellowpages.com,Male,164.28.22.133
1612,Jorge,Leopard,jleoparde7@tinyurl.com,Male,190.130.103.109
1613,Ofelia,Smedley,osmedleye8@exblog.jp,Female,161.42.219.235
1614,Gabriel,Bessey,gbesseye9@stumbleupon.com,Male,217.236.177.47
1615,Giulietta,Ladbury,gladburyea@homestead.com,Female,155.49.101.8
1616,Cynthy,Sherreard,csherreardeb@ehow.com,Female,220.94.4.112
1617,Katrina,Ram,kramec@samsung.com,Polygender,153.108.212.146
1618,Kristen,Gover,kgovered@answers.com,Female,54.237.239.161
1619,Carmelle,Gamwell,cgamwellee@histats.com,Female,193.77.148.104
1620,Veda,Ainslee,vainsleeef@illinois.edu,Female,2.80.177.113
1621,Fania,Corben,fcorbeneg@wikipedia.org,Female,65.255.133.200
1622,Tori,Mackness,tmacknesseh@walmart.com,Female,128.4.27.211
1623,Avie,Stuehmeier,astuehmeierei@prlog.org,Female,84.5.216.21
1624,Lamond,Kinchin,lkinchinej@unicef.org,Male,208.253.224.112
1625,Devonne,Delicate,ddelicateek@dailymotion.com,Female,253.202.162.97
1626,Malvin,Tadman,mtadmanel@walmart.com,Male,193.0.244.63
1627,Lucy,Maeer,lmaeerem@slashdot.org,Female,156.197.175.245
1628,Ange,Cocklin,acocklinen@wordpress.org,Female,5.133.132.191
1629,Lilia,Wabey,lwabeyeo@illinois.edu,Polygender,237.5.9.51
1630,Thomasine,Troni,ttroniep@exblog.jp,Female,76.95.105.68
1631,Niko,Cassie,ncassieeq@wordpress.org,Male,98.218.251.84
1632,Denver,Moulson,dmoulsoner@csmonitor.com,Male,184.22.90.180
1633,Rosalinda,Hacket,rhacketes@cisco.com,Female,196.131.41.198
1634,Paulie,Ratazzi,pratazziet@google.fr,Male,63.179.43.0
1635,Amabelle,Wraggs,awraggseu@odnoklassniki.ru,Non-binary,137.3.71.24
1636,Chelsie,Tointon,ctointonev@freewebs.com,Female,100.188.13.65
1637,Jessi,Stoeck,jstoeckew@tripod.com,Female,69.121.204.188
1638,Friedrick,Wollard,fwollardex@europa.eu,Male,71.192.158.1
1639,Kipp,Youde,kyoudeey@slideshare.net,Female,140.123.23.93
1640,Boot,Wolffers,bwolffersez@cmu.edu,Male,248.110.56.224
1641,Franklin,Boffin,fboffinf0@amazon.de,Agender,73.243.199.6
1642,Dorita,Jedrysik,djedrysikf1@nhs.uk,Female,250.243.47.167
1643,Sherie,Ackermann,sackermannf2@tamu.edu,Female,178.32.236.165
1644,Marcelline,Claybourn,mclaybournf3@unblog.fr,Female,15.248.21.157
1645,Percy,Blackwood,pblackwoodf4@cnbc.com,Male,111.56.126.143
1646,Maximo,Womack,mwomackf5@tinyurl.com,Male,84.86.87.79
1647,Eliza,Ginglell,eginglellf6@about.me,Female,26.77.8.59
1648,Berenice,Craydon,bcraydonf7@wsj.com,Female,4.127.45.103
1649,Christoper,Tipper,ctipperf8@imdb.com,Male,250.137.97.148
1650,Abbott,Brotheridge,abrotheridgef9@salon.com,Male,155.189.26.217
1651,Lona,Chater,lchaterfa@vistaprint.com,Female,45.48.93.229
1652,Vernice,Graser,vgraserfb@icio.us,Non-binary,148.55.220.63
1653,Lyon,Glazzard,lglazzardfc@flavors.me,Male,223.65.62.57
1654,Dionne,Vedntyev,dvedntyevfd@scribd.com,Female,38.209.158.37
1655,Rebekah,Lusher,rlusherfe@examiner.com,Non-binary,117.117.183.41
1656,Miquela,Philipson,mphilipsonff@admin.ch,Female,63.70.22.2
1657,Shalne,Guerra,sguerrafg@fc2.com,Polygender,145.165.171.109
1658,Tova,Rasmus,trasmusfh@cafepress.com,Female,188.107.2.25
1659,Vivyanne,Anfrey,vanfreyfi@123-reg.co.uk,Female,96.29.57.250
1660,Guglielmo,Pauel,gpauelfj@cargocollective.com,Male,200.188.231.235
1661,Maynard,Dionisetto,mdionisettofk@unblog.fr,Male,107.251.122.124
1662,Crista,Sivier,csivierfl@mit.edu,Female,127.199.155.153
1663,Gaynor,Mickleburgh,gmickleburghfm@hatena.ne.jp,Female,125.183.58.201
1664,Dylan,Kertess,dkertessfn@hibu.com,Male,65.54.216.82
1665,Shaylyn,Simoes,ssimoesfo@studiopress.com,Female,103.115.114.96
1666,Denver,Wyson,dwysonfp@vistaprint.com,Male,30.58.26.82
1667,Gayle,Seabrooke,gseabrookefq@wp.com,Female,10.247.7.40
1668,Camel,Glader,cgladerfr@digg.com,Female,216.79.192.71
1669,Goldarina,Delicate,gdelicatefs@360.cn,Female,10.193.149.20
1670,Fax,Corneljes,fcorneljesft@furl.net,Non-binary,105.65.177.79
1671,Launce,Satch,lsatchfu@g.co,Male,164.119.103.80
1672,Jeane,Lye,jlyefv@nationalgeographic.com,Female,118.62.237.94
1673,Corabelle,Sulley,csulleyfw@shinystat.com,Non-binary,119.253.23.144
1674,Abdel,Baffin,abaffinfx@flavors.me,Male,188.92.210.130
1675,Vladimir,Rablen,vrablenfy@youtube.com,Male,188.86.175.241
1676,Jasmina,Westrope,jwestropefz@squidoo.com,Female,185.34.147.38
1677,Noel,Southon,nsouthong0@4shared.com,Genderqueer,110.225.162.16
1678,Ewart,McKearnen,emckearneng1@t-online.de,Male,158.229.83.85
1679,Filippo,Jowling,fjowlingg2@un.org,Non-binary,118.216.98.171
1680,Mignonne,Ligerton,mligertong3@cbslocal.com,Bigender,205.45.159.212
1681,Florencia,Baniard,fbaniardg4@princeton.edu,Female,153.113.133.100
1682,Kori,Crowcher,kcrowcherg5@istockphoto.com,Female,180.102.186.0
1683,Clemmie,Chadney,cchadneyg6@acquirethisname.com,Female,125.11.79.162
1684,Deena,Showell,dshowellg7@networkadvertising.org,Agender,85.16.55.157
1685,Shirl,Lockery,slockeryg8@edublogs.org,Female,83.230.189.158
1686,Kilian,Keeley,kkeeleyg9@ca.gov,Male,151.72.24.32
1687,Aluino,Warsap,awarsapga@google.es,Male,0.13.53.198
1688,Hoebart,Matula,hmatulagb@senate.gov,Male,168.98.116.128
1689,Kennan,Stones,kstonesgc@jiathis.com,Male,32.118.233.176
1690,Sascha,Start,sstartgd@google.cn,Male,235.236.193.21
1691,My,Devenny,mdevennyge@cnet.com,Male,232.202.118.236
1692,Barney,Jeanneau,bjeanneaugf@businessinsider.com,Male,237.225.209.215
1693,Luther,Ludlow,lludlowgg@fastcompany.com,Male,72.51.239.104
1694,Estelle,Skelton,eskeltongh@digg.com,Female,192.136.99.180
1695,Crawford,Fidian,cfidiangi@nba.com,Male,241.216.18.112
1696,Laurette,Pavett,lpavettgj@hatena.ne.jp,Female,46.106.220.80
1697,Arte,Phare,apharegk@youku.com,Male,149.178.243.254
1698,Bobette,McGavigan,bmcgavigangl@digg.com,Female,155.48.86.123
1699,Ilka,Dmitrienko,idmitrienkogm@dion.ne.jp,Female,154.4.147.184
1700,Raynor,Dryburgh,rdryburghgn@jalbum.net,Male,34.22.228.213
1701,Antonella,Skirven,askirvengo@oracle.com,Female,229.234.252.248
1702,Burl,Dwelley,bdwelleygp@wikipedia.org,Male,233.126.63.157
1703,Rozelle,Paschke,rpaschkegq@nature.com,Female,193.109.113.98
1704,Derby,Ducarel,dducarelgr@twitter.com,Male,230.25.224.152
1705,Juline,Woffinden,jwoffindengs@gnu.org,Female,16.115.161.99
1706,Rickey,Jeacocke,rjeacockegt@cnbc.com,Male,247.167.44.188
1707,Winonah,Gomez,wgomezgu@dagondesign.com,Female,27.72.255.104
1708,Alyda,Mussetti,amussettigv@odnoklassniki.ru,Female,3.173.9.27
1709,Bondie,Duinbleton,bduinbletongw@upenn.edu,Male,24.238.234.243
1710,Keslie,Camamile,kcamamilegx@nydailynews.com,Female,193.90.209.149
1711,Garland,Millwall,gmillwallgy@creativecommons.org,Female,227.82.64.40
1712,Giordano,Ferrino,gferrinogz@amazon.co.uk,Male,13.21.213.156
1713,Emelen,Casillis,ecasillish0@sciencedaily.com,Male,216.187.168.83
1714,Bay,Haspineall,bhaspineallh1@nymag.com,Male,228.13.175.155
1715,Sasha,Bailey,sbaileyh2@typepad.com,Female,155.24.148.217
1716,Teddi,Kopecka,tkopeckah3@jugem.jp,Female,62.177.99.52
1717,Willard,Kennsley,wkennsleyh4@ucoz.ru,Male,188.168.123.230
1718,Justino,O'Shesnan,joshesnanh5@wufoo.com,Male,138.119.3.156
1719,Stanley,Keuneke,skeunekeh6@ezinearticles.com,Male,184.94.54.1
1720,Seana,Windybank,swindybankh7@addthis.com,Female,30.129.88.34
1721,Vinson,McLay,vmclayh8@123-reg.co.uk,Male,199.125.150.95
1722,Hansiain,Gamwell,hgamwellh9@prlog.org,Male,177.183.177.74
1723,Billie,Ivchenko,bivchenkoha@macromedia.com,Genderqueer,110.193.1.222
1724,Annie,Ianne,aiannehb@4shared.com,Female,107.248.95.254
1725,Alberto,Eagell,aeagellhc@delicious.com,Male,108.17.243.128
1726,Terence,Goulston,tgoulstonhd@google.cn,Male,234.156.252.12
1727,Jud,Maren,jmarenhe@wikia.com,Male,200.21.7.46
1728,Ariella,Pheasant,apheasanthf@goo.ne.jp,Genderfluid,206.207.246.242
1729,Garwood,Pingston,gpingstonhg@virginia.edu,Male,38.239.46.5
1730,Reinhard,Fowells,rfowellshh@marketwatch.com,Male,194.111.213.23
1731,Andeee,Belbin,abelbinhi@paginegialle.it,Female,222.160.139.57
1732,Kareem,Scully,kscullyhj@ucoz.ru,Male,115.15.20.126
1733,Lenee,Myall,lmyallhk@github.com,Female,100.255.132.23
1734,Meryl,Landrick,mlandrickhl@home.pl,Female,15.99.7.64
1735,Grover,Schultes,gschulteshm@apache.org,Male,61.64.217.207
1736,Cathy,Bresnahan,cbresnahanhn@soup.io,Female,238.137.244.173
1737,Carver,Stump,cstumpho@histats.com,Male,78.82.50.131
1738,Gunter,Haydn,ghaydnhp@mayoclinic.com,Male,129.3.35.245
1739,Ignace,Soutter,isoutterhq@marriott.com,Male,87.167.189.138
1740,Ally,O'Downe,aodownehr@constantcontact.com,Female,134.20.23.142
1741,Shem,Stolting,sstoltinghs@facebook.com,Male,31.107.164.222
1742,Vidovic,Loverock,vloverockht@patch.com,Bigender,164.232.95.215
1743,Stefano,Danieli,sdanielihu@seesaa.net,Male,240.197.187.222
1744,Granny,Tripe,gtripehv@earthlink.net,Male,145.62.214.245
1745,Innis,Lewisham,ilewishamhw@behance.net,Male,14.146.174.43
1746,Susan,Steger,sstegerhx@wordpress.org,Bigender,57.163.14.67
1747,Cloe,Cuningham,ccuninghamhy@goo.gl,Female,104.88.100.130
1748,Traver,Licas,tlicashz@psu.edu,Male,79.91.194.147
1749,Leupold,Valdes,lvaldesi0@amazon.de,Male,28.48.179.226
1750,Archie,Stait,astaiti1@google.co.uk,Male,174.23.47.230
1751,Jenifer,Commander,jcommanderi2@wikia.com,Female,158.104.66.156
1752,Pippo,Storah,pstorahi3@weather.com,Male,51.250.122.136
1753,Malvin,Fransoni,mfransonii4@sfgate.com,Male,22.50.28.206
1754,Lanni,Moral,lmorali5@samsung.com,Female,22.137.94.244
1755,Perry,Drever,pdreveri6@ibm.com,Male,138.22.17.24
1756,Roth,Selly,rsellyi7@addtoany.com,Male,11.89.225.81
1757,Venus,Mounsie,vmounsiei8@yahoo.co.jp,Female,5.33.241.69
1758,Niall,McAsgill,nmcasgilli9@nsw.gov.au,Male,220.113.158.176
1759,Aridatha,Randales,arandalesia@answers.com,Female,135.229.196.167
1760,Christabel,Ovington,covingtonib@epa.gov,Female,116.157.68.10
1761,Rea,St Clair,rstclairic@hugedomains.com,Female,201.66.205.31
1762,Tamarah,Aves,tavesid@wufoo.com,Female,43.160.233.67
1763,Ellyn,Ryall,eryallie@discovery.com,Female,54.137.46.151
1764,Ernst,Seabridge,eseabridgeif@samsung.com,Male,77.121.94.197
1765,Durante,Cheney,dcheneyig@istockphoto.com,Male,36.159.130.56
1766,Dur,Ruddiforth,druddiforthih@archive.org,Male,104.136.234.142
1767,Reuben,Titterington,rtitteringtonii@wikia.com,Male,134.13.147.145
1768,Averill,Tefft,atefftij@dedecms.com,Male,213.116.250.14
1769,Kissie,Mewha,kmewhaik@php.net,Female,168.91.8.85
1770,Mia,Taffrey,mtaffreyil@acquirethisname.com,Female,6.30.160.69
1771,Haroun,McFall,hmcfallim@wordpress.com,Male,143.23.243.192
1772,Jere,Beartup,jbeartupin@biblegateway.com,Male,146.54.216.126
1773,Mart,Tosspell,mtosspellio@latimes.com,Bigender,191.54.207.212
1774,Kalvin,Lessmare,klessmareip@guardian.co.uk,Male,244.173.254.119
1775,Simonne,Braizier,sbraizieriq@eventbrite.com,Female,226.197.179.13
1776,Giffard,Rockwell,grockwellir@google.es,Male,110.11.243.135
1777,Rosanne,Edkins,redkinsis@weebly.com,Female,63.220.159.123
1778,Serge,Beardsworth,sbeardsworthit@paypal.com,Male,178.82.176.228
1779,Wylma,Avery,waveryiu@fc2.com,Bigender,94.218.102.3
1780,Ryun,Kopp,rkoppiv@home.pl,Male,72.77.4.229
1781,Adara,Pawlyn,apawlyniw@virginia.edu,Female,128.123.18.67
1782,Wildon,Haquard,whaquardix@webnode.com,Male,177.122.29.16
1783,Rosie,McGaughay,rmcgaughayiy@reference.com,Polygender,208.104.193.169
1784,Fallon,Marquiss,fmarquissiz@constantcontact.com,Female,228.204.169.108
1785,Terrence,Smittoune,tsmittounej0@taobao.com,Male,21.70.53.215
1786,Phip,Treat,ptreatj1@ocn.ne.jp,Male,88.247.183.117
1787,Roscoe,Leftly,rleftlyj2@home.pl,Agender,159.83.177.27
1788,Evangelia,Whiscard,ewhiscardj3@cnbc.com,Female,218.195.83.192
1789,Gustav,Hamlett,ghamlettj4@wsj.com,Male,207.135.142.76
1790,Royce,Angell,rangellj5@symantec.com,Male,242.185.169.37
1791,Estrella,Goodings,egoodingsj6@cornell.edu,Bigender,186.250.8.192
1792,Amy,Braunter,abraunterj7@sina.com.cn,Female,15.48.35.170
1793,Mommy,Rooney,mrooneyj8@wikipedia.org,Female,217.184.218.244
1794,Ahmad,Fallens,afallensj9@apple.com,Male,137.10.37.255
1795,Sydelle,Bittleson,sbittlesonja@forbes.com,Female,4.128.39.190
1796,Miranda,Glaysher,mglaysherjb@independent.co.uk,Female,11.179.74.105
1797,Xylia,Bentke,xbentkejc@uiuc.edu,Female,164.78.116.58
1798,Avigdor,Canto,acantojd@msn.com,Male,61.210.89.200
1799,Elissa,Muslim,emuslimje@cbc.ca,Female,223.48.99.175
1800,Lurline,Curnnok,lcurnnokjf@craigslist.org,Female,248.23.0.84
1801,Jane,Rawlence,jrawlencejg@sakura.ne.jp,Female,163.230.42.26
1802,Willy,Tadgell,wtadgelljh@npr.org,Male,231.4.194.233
1803,Natty,Kermit,nkermitji@is.gd,Female,43.28.33.68
1804,Lynett,Ackenson,lackensonjj@hugedomains.com,Female,204.221.224.14
1805,Boone,McCarly,bmccarlyjk@deliciousdays.com,Male,184.222.86.238
1806,Franni,Duffy,fduffyjl@theglobeandmail.com,Female,13.30.30.170
1807,Jethro,Jollye,jjollyejm@dell.com,Male,180.9.120.66
1808,Felice,Cossons,fcossonsjn@infoseek.co.jp,Female,86.130.104.154
1809,Kris,Wych,kwychjo@disqus.com,Male,67.145.47.85
1810,Farr,Saggers,fsaggersjp@mashable.com,Male,6.197.131.107
1811,Keefe,Spering,ksperingjq@nifty.com,Male,123.68.143.78
1812,Celestyn,Chilver,cchilverjr@infoseek.co.jp,Female,61.90.58.128
1813,Sherwynd,Wastling,swastlingjs@ibm.com,Male,248.229.51.77
1814,Donn,Filchakov,dfilchakovjt@elegantthemes.com,Male,225.171.227.204
1815,Penrod,Ciciotti,pciciottiju@goo.ne.jp,Male,39.133.213.113
1816,Cyndi,Barbe,cbarbejv@instagram.com,Female,39.138.14.119
1817,Maude,Jaffray,mjaffrayjw@unicef.org,Female,106.196.235.85
1818,Hollis,Gainforth,hgainforthjx@theglobeandmail.com,Male,39.23.117.168
1819,Gavin,Josskoviz,gjosskovizjy@upenn.edu,Male,145.144.197.155
1820,Shay,Iggulden,sigguldenjz@list-manage.com,Female,232.127.248.135
1821,Terrell,Wylder,twylderk0@moonfruit.com,Male,127.57.39.69
1822,Shelton,Burburough,sburburoughk1@blogs.com,Male,134.92.62.2
1823,Suzie,Doogue,sdooguek2@studiopress.com,Female,42.106.208.197
1824,Calvin,Rassmann,crassmannk3@t.co,Male,241.250.82.67
1825,Tammy,Skedgell,tskedgellk4@deliciousdays.com,Agender,72.28.205.162
1826,Truman,Pleasants,tpleasantsk5@vinaora.com,Male,133.182.10.106
1827,Eddie,Beefon,ebeefonk6@microsoft.com,Female,61.7.125.215
1828,Sherill,Farlow,sfarlowk7@google.com.au,Female,149.180.209.198
1829,Russ,Klimashevich,rklimashevichk8@yandex.ru,Agender,177.151.18.71
1830,Coretta,Hefforde,cheffordek9@ifeng.com,Female,162.242.19.216
1831,Leontine,Teliga,lteligaka@pcworld.com,Female,152.109.135.6
1832,Jenni,Jowsey,jjowseykb@sfgate.com,Bigender,165.59.215.151
1833,Jervis,Nucci,jnuccikc@phoca.cz,Polygender,104.189.107.221
1834,Dillie,Wagnerin,dwagnerinkd@umich.edu,Male,119.62.112.29
1835,Valera,Lymer,vlymerke@ehow.com,Female,246.228.221.235
1836,Mill,Pegden,mpegdenkf@xrea.com,Male,166.138.49.62
1837,Stuart,McNysche,smcnyschekg@intel.com,Male,241.90.70.214
1838,Querida,Niccolls,qniccollskh@oaic.gov.au,Female,222.17.46.254
1839,Kitti,Rayhill,krayhillki@disqus.com,Female,189.75.96.88
1840,Helene,Waylett,hwaylettkj@naver.com,Bigender,233.85.101.211
1841,Hervey,McCarle,hmccarlekk@dion.ne.jp,Male,211.136.92.243
1842,Fayre,Bittany,fbittanykl@bing.com,Female,116.197.31.165
1843,Karoline,Hatherill,khatherillkm@cargocollective.com,Female,15.236.166.157
1844,Raimund,Arnecke,rarneckekn@japanpost.jp,Male,250.184.240.179
1845,Rolland,Ruhben,rruhbenko@columbia.edu,Male,119.217.172.143
1846,Helga,Tommasi,htommasikp@spotify.com,Female,199.67.222.109
1847,Johan,Slowcock,jslowcockkq@comcast.net,Male,243.87.151.6
1848,Mattie,Srutton,msruttonkr@nifty.com,Male,115.40.248.204
1849,Elfie,Morrice,emorriceks@shop-pro.jp,Female,132.27.227.167
1850,Wiatt,Broome,wbroomekt@dropbox.com,Male,7.82.120.197
1851,Munmro,Parmley,mparmleyku@newyorker.com,Male,174.88.93.20
1852,Pail,Bigmore,pbigmorekv@wp.com,Male,164.35.72.205
1853,Derick,Barles,dbarleskw@cdbaby.com,Male,15.167.48.202
1854,Barron,Gibbett,bgibbettkx@wikia.com,Male,104.81.19.199
1855,Markos,Late,mlateky@microsoft.com,Male,173.150.229.134
1856,Carol-jean,Mougenel,cmougenelkz@wp.com,Female,228.60.109.130
1857,Bryana,Puig,bpuigl0@bloomberg.com,Female,228.179.155.71
1858,Ginger,Tesyro,gtesyrol1@theguardian.com,Female,196.189.36.2
1859,Gelya,McSaul,gmcsaull2@soundcloud.com,Female,101.110.12.105
1860,Candace,Beecker,cbeeckerl3@devhub.com,Female,158.149.16.244
1861,Nichole,Drynan,ndrynanl4@nps.gov,Male,58.63.248.124
1862,Theodor,Pirdue,tpirduel5@ehow.com,Male,234.185.88.76
1863,Brinn,Tunney,btunneyl6@washingtonpost.com,Female,227.233.84.147
1864,Gayleen,Arbuckel,garbuckell7@census.gov,Female,186.38.198.164
1865,Berte,Meineking,bmeinekingl8@goo.gl,Female,190.105.229.126
1866,April,Chaffey,achaffeyl9@devhub.com,Female,32.118.221.206
1867,Ring,Cardoso,rcardosola@princeton.edu,Genderqueer,172.146.3.45
1868,Lucila,Kalkhoven,lkalkhovenlb@webmd.com,Female,176.84.160.241
1869,Luz,Broady,lbroadylc@cocolog-nifty.com,Female,88.40.90.74
1870,Andris,Ridewood,aridewoodld@wordpress.com,Male,169.8.137.233
1871,Donavon,Tesche,dteschele@omniture.com,Male,212.56.76.15
1872,Emmerich,Glede,egledelf@mediafire.com,Male,144.128.202.61
1873,Thea,McGloughlin,tmcgloughlinlg@arizona.edu,Female,63.80.95.31
1874,Ruthy,Corthes,rcortheslh@sbwire.com,Female,14.93.221.27
1875,Marylee,Hallihan,mhallihanli@miibeian.gov.cn,Female,186.126.205.203
1876,Esmeralda,Konmann,ekonmannlj@bbb.org,Female,113.140.10.88
1877,Leroi,Anstey,lansteylk@nytimes.com,Male,24.93.136.172
1878,Aleda,Dobson,adobsonll@zdnet.com,Polygender,104.100.243.233
1879,Sher,Perrins,sperrinslm@harvard.edu,Female,83.226.199.140
1880,Kass,Dibbe,kdibbeln@ow.ly,Genderfluid,19.105.0.10
1881,Renelle,Mateev,rmateevlo@microsoft.com,Female,188.134.141.85
1882,Herrick,Rickell,hrickelllp@timesonline.co.uk,Male,55.55.95.151
1883,Marian,Olyonov,molyonovlq@dmoz.org,Agender,183.40.31.199
1884,Marilee,Pawelke,mpawelkelr@soundcloud.com,Female,251.74.36.226
1885,Mavis,Gaynesford,mgaynesfordls@skype.com,Female,79.156.212.93
1886,Carie,Laxe,claxelt@mashable.com,Female,253.225.175.76
1887,Avrom,Barnhill,abarnhilllu@soundcloud.com,Male,133.185.94.233
1888,Jamaal,Nutty,jnuttylv@hao123.com,Male,210.65.245.212
1889,Jayson,Karlik,jkarliklw@youtu.be,Male,65.17.235.80
1890,Valene,Eisikowitz,veisikowitzlx@sbwire.com,Female,41.217.87.81
1891,Orson,Abrahmovici,oabrahmovicily@cdc.gov,Male,228.68.34.52
1892,Ulric,Probart,uprobartlz@dailymail.co.uk,Male,166.26.253.183
1893,Ursola,Hessenthaler,uhessenthalerm0@slideshare.net,Female,58.14.96.233
1894,Hakim,Munnion,hmunnionm1@dedecms.com,Male,85.11.216.203
1895,Algernon,Andriss,aandrissm2@webnode.com,Male,247.84.24.70
1896,Devin,Curteis,dcurteism3@mysql.com,Male,198.0.247.13
1897,Forester,Mourbey,fmourbeym4@ask.com,Male,229.112.173.55
1898,Georgena,Imbrey,gimbreym5@canalblog.com,Female,8.18.161.29
1899,Cheston,Menham,cmenhamm6@domainmarket.com,Male,224.148.67.193
1900,Brigid,Rabidge,brabidgem7@indiatimes.com,Female,247.149.185.225
1901,Chuck,Constance,cconstancem8@ovh.net,Agender,125.47.78.110
1902,Kennie,Wisden,kwisdenm9@csmonitor.com,Male,58.12.72.60
1903,Michele,Sappy,msappyma@hugedomains.com,Male,172.147.221.41
1904,Dill,Gwalter,dgwaltermb@soup.io,Male,91.96.207.183
1905,Burty,Chismon,bchismonmc@google.cn,Male,160.55.74.11
1906,Merle,Whittet,mwhittetmd@tripod.com,Male,50.169.7.223
1907,Tristan,Berrane,tberraneme@simplemachines.org,Male,182.216.233.93
1908,Dewey,Skully,dskullymf@un.org,Male,208.102.122.81
1909,Emmi,Bridgman,ebridgmanmg@shinystat.com,Female,30.163.56.140
1910,Boone,Tuppeny,btuppenymh@blinklist.com,Male,208.237.174.189
1911,Mariana,Upwood,mupwoodmi@intel.com,Female,172.92.184.61
1912,Sunshine,Spatari,sspatarimj@blogspot.com,Female,45.92.127.225
1913,Orsola,Damant,odamantmk@cornell.edu,Female,71.165.151.227
1914,Walker,Revey,wreveyml@bloomberg.com,Male,239.11.186.251
1915,Armin,Semiras,asemirasmm@simplemachines.org,Male,221.55.212.41
1916,Bobbie,Elsegood,belsegoodmn@sbwire.com,Male,99.36.52.83
1917,Xymenes,Brackstone,xbrackstonemo@ucoz.ru,Male,99.1.129.29
1918,Miof mela,Murkin,mmurkinmp@washington.edu,Female,217.253.41.99
1919,Jeramie,Thunders,jthundersmq@arizona.edu,Male,247.149.105.249
1920,Amye,O'Howbane,aohowbanemr@topsy.com,Female,103.169.33.124
1921,Lorita,Rhys,lrhysms@moonfruit.com,Female,5.32.38.159
1922,Amerigo,Vowden,avowdenmt@indiegogo.com,Male,106.36.8.214
1923,Sonya,Meredith,smeredithmu@jigsy.com,Female,109.145.214.107
1924,Eadith,Laye,elayemv@goo.gl,Female,234.130.131.137
1925,Kile,Ketchen,kketchenmw@pbs.org,Male,40.246.201.18
1926,Jo-ann,Cahalan,jcahalanmx@printfriendly.com,Female,250.175.63.60
1927,Ronalda,Baistow,rbaistowmy@thetimes.co.uk,Female,237.63.104.98
1928,Noak,Toffanelli,ntoffanellimz@g.co,Male,132.139.199.125
1929,Son,Boydon,sboydonn0@zdnet.com,Male,141.63.130.123
1930,Randee,Stinchcombe,rstinchcomben1@economist.com,Female,50.196.157.8
1931,Gerri,Sygrove,gsygroven2@ycombinator.com,Female,110.155.26.241
1932,Flo,Nuton,fnutonn3@google.com.br,Female,153.39.157.203
1933,Abbie,Delhanty,adelhantyn4@edublogs.org,Female,40.137.199.236
1934,Paulie,Cutforth,pcutforthn5@nbcnews.com,Non-binary,255.207.80.161
1935,Serge,Snalom,ssnalomn6@gmpg.org,Male,226.223.149.132
1936,Golda,Millier,gmilliern7@cafepress.com,Female,210.159.183.3
1937,Danita,Calvie,dcalvien8@constantcontact.com,Female,146.10.100.12
1938,Amalee,Frowde,afrowden9@google.com.br,Female,181.5.140.252
1939,Nealon,McAllan,nmcallanna@delicious.com,Male,219.107.124.213
1940,Dacy,Annes,dannesnb@samsung.com,Female,75.199.41.188
1941,Agnes,Isbell,aisbellnc@simplemachines.org,Female,14.146.99.230
1942,Conney,Jeram,cjeramnd@facebook.com,Male,174.75.75.161
1943,Hammad,Teffrey,hteffreyne@4shared.com,Male,11.12.190.250
1944,Leslie,Forrest,lforrestnf@gov.uk,Male,8.24.184.244
1945,Laurette,Saltmarsh,lsaltmarshng@vimeo.com,Female,155.141.183.213
1946,Shane,Backler,sbacklernh@ezinearticles.com,Agender,17.104.79.69
1947,Byram,Gotfrey,bgotfreyni@wsj.com,Male,33.241.208.130
1948,Alister,Cavie,acavienj@technorati.com,Bigender,98.211.115.242
1949,Elianora,Conley,econleynk@java.com,Female,111.233.20.156
1950,Millard,Chestnutt,mchestnuttnl@instagram.com,Male,226.80.61.245
1951,Dex,Pengelly,dpengellynm@seesaa.net,Male,36.224.121.18
1952,Durante,Sydes,dsydesnn@europa.eu,Male,1.92.137.186
1953,Mair,Loxley,mloxleyno@hibu.com,Female,175.181.204.60
1954,Leigha,Peyzer,lpeyzernp@blogspot.com,Female,109.17.27.48
1955,Keelia,Gerhts,kgerhtsnq@google.de,Female,101.247.35.115
1956,Derwin,Martugin,dmartuginnr@goodreads.com,Male,213.86.194.85
1957,Shirlene,Hamblington,shamblingtonns@huffingtonpost.com,Female,210.235.146.10
1958,Simmonds,Freak,sfreaknt@123-reg.co.uk,Polygender,131.99.95.108
1959,Jamison,Vayne,jvaynenu@washingtonpost.com,Male,27.70.184.37
1960,Erastus,Philipsohn,ephilipsohnnv@list-manage.com,Male,101.97.83.22
1961,Stefanie,Gerin,sgerinnw@exblog.jp,Female,30.211.247.0
1962,Kippie,Neylan,kneylannx@nbcnews.com,Male,159.147.97.241
1963,Danna,Karran,dkarranny@businessinsider.com,Female,138.96.16.72
1964,Javier,Mullan,jmullannz@mapy.cz,Male,113.86.131.17
1965,Joni,Sissons,jsissonso0@netlog.com,Polygender,213.189.158.208
1966,Gaston,Burgin,gburgino1@blinklist.com,Male,191.184.81.14
1967,Bogart,Pleaden,bpleadeno2@people.com.cn,Male,146.65.62.155
1968,Bord,Gallihaulk,bgallihaulko3@harvard.edu,Male,175.217.14.42
1969,Donny,Piscopello,dpiscopelloo4@yellowbook.com,Female,56.15.64.200
1970,Othelia,Layus,olayuso5@bbc.co.uk,Female,21.167.39.26
1971,Gennifer,Moughtin,gmoughtino6@reverbnation.com,Female,242.56.129.145
1972,Antoine,Marzelle,amarzelleo7@photobucket.com,Male,234.133.162.229
1973,Eb,Sayles,esayleso8@simplemachines.org,Male,90.205.213.219
1974,Isaak,Shimmings,ishimmingso9@cdc.gov,Male,203.187.76.205
1975,Giorgia,Tesh,gteshoa@hud.gov,Polygender,9.253.125.48
1976,Alena,Newbury,anewburyob@home.pl,Female,78.234.73.179
1977,Nikaniki,Rowaszkiewicz,nrowaszkiewiczoc@economist.com,Female,78.48.211.44
1978,Garv,Brydie,gbrydieod@hugedomains.com,Male,254.17.28.159
1979,Dionisio,Fandrich,dfandrichoe@cnn.com,Male,143.197.90.154
1980,Thornie,Woolham,twoolhamof@google.nl,Male,220.141.141.122
1981,Iseabal,Swire,iswireog@hhs.gov,Female,74.230.218.109
1982,Bidget,Skein,bskeinoh@usatoday.com,Female,75.255.50.221
1983,Elwira,Pinke,epinkeoi@yelp.com,Female,208.86.7.237
1984,Kare,Moehler,kmoehleroj@ow.ly,Female,124.249.196.161
1985,Letta,Swanson,lswansonok@tripadvisor.com,Female,50.12.131.233
1986,Kathryn,Mathwin,kmathwinol@accuweather.com,Female,147.64.240.76
1987,Vivien,Biaggioni,vbiaggioniom@nasa.gov,Female,89.212.200.183
1988,Mirabel,Hamlyn,mhamlynon@slideshare.net,Female,171.43.95.62
1989,Hobart,Kirvell,hkirvelloo@rediff.com,Male,148.38.67.56
1990,Keelby,Vasentsov,kvasentsovop@telegraph.co.uk,Male,44.232.117.220
1991,Eduino,Garci,egarcioq@cisco.com,Male,247.130.219.56
1992,Noreen,Gonzalez,ngonzalezor@de.vu,Female,219.206.31.172
1993,Harmonie,Behnen,hbehnenos@cargocollective.com,Female,72.247.65.84
1994,Pall,Blanchard,pblanchardot@linkedin.com,Male,104.119.29.160
1995,Filippa,Balle,fballeou@twitpic.com,Female,172.18.141.191
1996,Isadore,Caslin,icaslinov@vistaprint.com,Male,181.137.246.101
1997,Bertha,Bulbeck,bbulbeckow@oracle.com,Female,49.150.251.90
1998,Grete,Cahn,gcahnox@artisteer.com,Female,161.162.81.37
1999,Gannon,Bartrap,gbartrapoy@nbcnews.com,Male,155.233.201.21
2000,Yorgos,Craisford,ycraisfordoz@goo.gl,Male,65.31.231.103
2001,Donall,Duthie,dduthiep0@example.com,Genderfluid,186.105.244.19
2002,Timothea,Petrovykh,tpetrovykhp1@booking.com,Female,116.98.212.128
2003,Adrian,Kingescot,akingescotp2@springer.com,Male,123.49.67.23
2004,Vina,Tease,vteasep3@oracle.com,Female,209.217.142.127
2005,Kirby,Daynter,kdaynterp4@altervista.org,Male,64.112.50.22
2006,Aloisia,Drysdall,adrysdallp5@hc360.com,Female,244.78.37.90
2007,Connor,McMenamin,cmcmenaminp6@liveinternet.ru,Male,248.2.116.144
2008,Flora,Manjin,fmanjinp7@toplist.cz,Female,113.181.130.26
2009,Cherrita,Guitel,cguitelp8@chron.com,Female,169.150.172.99
2010,Dougy,Beauly,dbeaulyp9@ca.gov,Male,84.33.78.166
2011,Nedda,Sagar,nsagarpa@bigcartel.com,Female,174.251.237.128
2012,Derk,Creedland,dcreedlandpb@dion.ne.jp,Male,159.56.235.94
2013,Dione,Bothbie,dbothbiepc@barnesandnoble.com,Female,145.134.42.179
2014,Farlie,Dymond,fdymondpd@mozilla.com,Male,12.31.129.202
2015,Collin,Driussi,cdriussipe@issuu.com,Male,230.77.254.200
2016,Louella,Lainge,llaingepf@fotki.com,Female,97.20.190.232
2017,Kurt,Feldberger,kfeldbergerpg@xrea.com,Male,5.0.22.0
2018,Nicolais,O'Reilly,noreillyph@digg.com,Male,223.41.100.235
2019,Monro,Parrott,mparrottpi@jiathis.com,Male,22.128.70.159
2020,Martynne,Venable,mvenablepj@theglobeandmail.com,Female,236.60.61.179
2021,Sandro,Peacop,speacoppk@jalbum.net,Male,27.119.59.159
2022,Caty,Moubray,cmoubraypl@auda.org.au,Female,162.245.180.215
2023,Heda,Deevey,hdeeveypm@thetimes.co.uk,Female,127.111.12.131
2024,Karisa,Sapey,ksapeypn@salon.com,Female,101.104.249.21
2025,Craig,Lettley,clettleypo@bloglovin.com,Male,82.62.241.183
2026,Currey,Andreas,candreaspp@archive.org,Male,61.220.228.8
2027,Brooks,Dawidsohn,bdawidsohnpq@sciencedaily.com,Female,221.43.87.51
2028,Brigida,Tilley,btilleypr@jigsy.com,Female,144.140.216.235
2029,Wally,Bilbey,wbilbeyps@rakuten.co.jp,Male,50.48.244.230
2030,Ediva,Joslin,ejoslinpt@github.com,Female,138.221.186.204
2031,Marjory,Butte,mbuttepu@wiley.com,Female,168.136.35.250
2032,Brittne,Gilliard,bgilliardpv@apple.com,Female,129.166.65.138
2033,Mercy,Trenbay,mtrenbaypw@histats.com,Female,67.195.28.75
2034,Court,Grewe,cgrewepx@ebay.co.uk,Male,130.88.10.166
2035,Even,Bogie,ebogiepy@europa.eu,Male,199.43.230.214
2036,Bridie,Yellep,byelleppz@miibeian.gov.cn,Female,139.225.252.125
2037,Kinna,Lude,kludeq0@nhs.uk,Bigender,85.174.104.213
2038,Bryan,Courtenay,bcourtenayq1@wordpress.com,Male,123.42.221.251
2039,Goddart,McKinney,gmckinneyq2@slate.com,Male,241.74.45.244
2040,Amara,Hullot,ahullotq3@clickbank.net,Female,175.219.146.46
2041,Thibaut,Kunneke,tkunnekeq4@surveymonkey.com,Male,168.77.98.83
2042,Johnette,Turfus,jturfusq5@ibm.com,Female,84.135.229.104
2043,Linoel,Droghan,ldroghanq6@1und1.de,Male,110.8.156.77
2044,Georgie,Whelband,gwhelbandq7@prweb.com,Male,94.201.137.142
2045,Scotti,Pow,spowq8@seesaa.net,Male,211.8.175.62
2046,Filide,Stone Fewings,fstonefewingsq9@cbc.ca,Female,209.154.28.199
2047,Bertina,Pierton,bpiertonqa@squarespace.com,Female,54.65.223.181
2048,Lothario,Sallan,lsallanqb@tripod.com,Male,96.110.237.25
2049,Forrester,Byard,fbyardqc@columbia.edu,Male,210.229.103.98
2050,Charmain,Leafe,cleafeqd@linkedin.com,Female,113.10.238.166
2051,Hazel,Pickerin,hpickerinqe@unicef.org,Female,90.78.12.131
2052,Knox,Piechnik,kpiechnikqf@friendfeed.com,Male,101.21.199.123
2053,Ephrem,Eskriett,eeskriettqg@sciencedirect.com,Male,55.44.51.211
2054,Maggy,Gress,mgressqh@ebay.co.uk,Female,156.230.131.153
2055,Breena,Stove,bstoveqi@abc.net.au,Female,103.156.93.67
2056,Zollie,Fitzsimons,zfitzsimonsqj@qq.com,Polygender,100.139.211.1
2057,Peri,Camerello,pcamerelloqk@purevolume.com,Female,116.240.139.4
2058,Lian,Botham,lbothamql@artisteer.com,Female,93.61.199.48
2059,Nicolina,Rieflin,nrieflinqm@ft.com,Female,43.20.190.191
2060,Pavia,Offord,poffordqn@statcounter.com,Female,102.204.137.235
2061,Onofredo,Grimsditch,ogrimsditchqo@furl.net,Male,229.207.61.242
2062,Benni,Burdoun,bburdounqp@yandex.ru,Female,5.179.209.180
2063,Millisent,Barczynski,mbarczynskiqq@home.pl,Female,156.66.63.219
2064,Kali,Fitzgerald,kfitzgeraldqr@statcounter.com,Female,229.255.106.160
2065,Marys,Boydell,mboydellqs@nymag.com,Female,230.155.21.58
2066,Bowie,Shasnan,bshasnanqt@bizjournals.com,Male,221.77.140.104
2067,Lara,O'Doran,lodoranqu@privacy.gov.au,Female,147.24.99.204
2068,Marti,Pownall,mpownallqv@si.edu,Female,58.157.218.115
2069,Talia,Brighty,tbrightyqw@umich.edu,Female,130.39.50.171
2070,Patrizio,Boots,pbootsqx@youtu.be,Male,21.40.102.74
2071,Franklin,Brumhead,fbrumheadqy@microsoft.com,Male,227.66.161.114
2072,Brandea,Pele,bpeleqz@bbb.org,Female,54.246.2.77
2073,Gregoire,Oliver,goliverr0@miibeian.gov.cn,Male,172.213.2.12
2074,Reggis,Joselson,rjoselsonr1@360.cn,Male,138.75.220.248
2075,Nanine,Parsonage,nparsonager2@devhub.com,Female,154.255.206.40
2076,Igor,Gittings,igittingsr3@whitehouse.gov,Male,125.163.77.53
2077,Tallulah,Inglesfield,tinglesfieldr4@ca.gov,Female,112.199.51.33
2078,Cynthea,Habbeshaw,chabbeshawr5@desdev.cn,Female,236.229.136.16
2079,Lesli,Hannabuss,lhannabussr6@pcworld.com,Female,22.10.138.93
2080,Bella,Brabant,bbrabantr7@multiply.com,Female,72.147.140.60
2081,Selina,Ipsly,sipslyr8@tripadvisor.com,Bigender,71.128.33.30
2082,Eula,Pyffe,epyffer9@usa.gov,Female,192.247.113.94
2083,Hedvig,Featonby,hfeatonbyra@upenn.edu,Female,218.201.81.249
2084,Meryl,Eric,mericrb@taobao.com,Female,178.199.233.170
2085,Tabbi,Mallall,tmallallrc@ovh.net,Female,174.78.197.176
2086,Giovanni,Sallarie,gsallarierd@pinterest.com,Genderfluid,95.231.155.220
2087,Deane,Tenbrug,dtenbrugre@hao123.com,Female,161.6.186.219
2088,Elnore,Beincken,ebeinckenrf@photobucket.com,Female,89.240.9.76
2089,Margo,Hainning,mhainningrg@devhub.com,Female,144.18.61.211
2090,Sebastiano,Gerriets,sgerrietsrh@abc.net.au,Male,73.219.217.10
2091,Mitzi,Haslam,mhaslamri@abc.net.au,Female,150.46.10.171
2092,Charlton,Jozwik,cjozwikrj@cbsnews.com,Male,227.254.0.29
2093,Darryl,Tilbrook,dtilbrookrk@prweb.com,Female,95.137.10.130
2094,Daron,Markovich,dmarkovichrl@themeforest.net,Male,97.52.7.83
2095,Helen,Rosindill,hrosindillrm@guardian.co.uk,Female,107.201.37.115
2096,Joscelin,Crewdson,jcrewdsonrn@virginia.edu,Female,198.236.161.181
2097,Goran,Goodright,ggoodrightro@zimbio.com,Male,45.236.135.35
2098,Kizzee,Tonge,ktongerp@printfriendly.com,Female,90.136.154.78
2099,Shirleen,Kaesmans,skaesmansrq@yale.edu,Genderqueer,250.21.135.32
2100,Kassey,Guilleton,kguilletonrr@vkontakte.ru,Female,210.72.237.144
