id,first_name,last_name,email,gender,ip_address
101,Lindsey,Kinvig,lkinvig0@parallels.com,Male,91.255.204.224
102,Annette,Playfair,aplayfair1@cnbc.com,Bigender,243.39.126.75
103,Louisa,Port,lport2@narod.ru,Female,185.86.85.2
104,Kurt,Owain,kowain3@indiatimes.com,Male,228.41.97.91
105,Neel,Jopke,njopke4@imdb.com,Male,56.144.68.69
106,Cora,Chin,cchin5@discuz.net,Female,26.130.81.204
107,Mickie,Plomer,mplomer6@deviantart.com,Male,43.197.111.80
108,Jeannette,Reedman,jreedman7@canalblog.com,Female,221.42.181.254
109,Antoine,Weine,aweine8@boston.com,Male,116.64.31.12
110,Worthington,Furney,wfurney9@washington.edu,Male,12.163.124.26
111,Shadow,Suche,ssuchea@purevolume.com,Male,72.10.193.62
112,Geri,McVicker,gmcvickerb@flickr.com,Female,26.115.175.145
113,Marcie,O'Towey,motoweyc@squidoo.com,Genderfluid,226.253.217.235
114,Dacey,Codling,dcodlingd@cocolog-nifty.com,Female,36.162.136.91
115,Valdemar,Phelip,vphelipe@nps.gov,Male,100.63.226.70
116,Katherine,Pascho,kpaschof@buzzfeed.com,Female,236.47.184.242
117,Lucy,Erik,lerikg@usnews.com,Agender,71.165.152.101
118,Emmeline,Crimmins,ecrimminsh@amazon.co.jp,Female,127.131.175.96
119,Monroe,Curteis,mcurteisi@virginia.edu,Male,66.107.168.176
120,Lynnell,Saltsberg,lsaltsbergj@linkedin.com,Non-binary,13.46.250.17
121,Lola,Ciotto,lciottok@narod.ru,Female,7.38.103.159
122,Walden,Letts,wlettsl@gov.uk,Male,2.70.53.194
123,Illa,Lorens,ilorensm@huffingtonpost.com,Female,214.191.233.165
124,Normie,Matley,nmatleyn@arstechnica.com,Male,130.113.170.24
125,Kaile,Batalini,kbatalinio@engadget.com,Female,152.77.174.68
126,Ariana,Soppett,asoppettp@wikimedia.org,Female,6.80.94.36
127,Una,Attwater,uattwaterq@vk.com,Genderqueer,233.58.244.242
128,Shayna,Say,ssayr@comsenz.com,Female,229.100.191.54
129,Oates,Revance,orevances@unc.edu,Polygender,178.39.131.149
130,Lura,Galpen,lgalpent@columbia.edu,Female,212.105.128.110
131,Adina,Brozek,abrozeku@nifty.com,Female,46.159.175.251
132,Obidiah,Roels,oroelsv@gnu.org,Male,11.222.185.248
133,Thorvald,Pennetta,tpennettaw@ucsd.edu,Male,136.35.120.224
134,Shurlock,Cramp,scrampx@google.es,Genderfluid,13.206.232.3
135,Heinrick,Feasby,hfeasbyy@webs.com,Male,139.111.57.199
136,Garrek,Rylstone,grylstonez@blog.com,Male,136.206.146.37
137,Izaak,Bowell,ibowell10@ihg.com,Male,124.114.234.19
138,Roze,Colleton,rcolleton11@gov.uk,Female,184.55.141.27
139,Nels,Stivey,nstivey12@dedecms.com,Male,249.72.8.128
140,Harvey,Jandera,hjandera13@nyu.edu,Male,138.116.48.200
141,Shermy,Abramsky,sabramsky14@ycombinator.com,Male,146.108.189.175
142,Fidelia,Labadini,flabadini15@pagesperso-orange.fr,Female,134.211.109.167
143,Waneta,Pillinger,wpillinger16@drupal.org,Female,169.166.36.205
144,Ninon,Swanston,nswanston17@google.com.au,Female,181.111.220.127
145,Eva,Pettifer,epettifer18@domainmarket.com,Female,105.90.192.80
146,Olive,Dunsire,odunsire19@cam.ac.uk,Female,173.94.60.214
147,Clo,Bullimore,cbullimore1a@yolasite.com,Female,187.220.36.253
148,Fiann,Blandamore,fblandamore1b@merriam-webster.com,Female,40.109.180.141
149,Roanna,Cantua,rcantua1c@ebay.com,Female,180.144.20.110
150,Kit,Behan,kbehan1d@example.com,Polygender,71.16.234.182
151,Gasparo,Fratson,gfratson1e@yahoo.co.jp,Non-binary,238.67.161.137
152,Desmond,Banyard,dbanyard1f@topsy.com,Male,217.181.36.27
153,Leonhard,Hasselby,lhasselby1g@howstuffworks.com,Male,59.56.15.174
154,Raquela,Oliveira,roliveira1h@yelp.com,Female,192.252.254.161
155,Jaclyn,Ast,jast1i@abc.net.au,Female,233.69.95.173
156,Bunnie,Ferras,bferras1j@uiuc.edu,Female,179.33.9.207
157,Sharl,Sarre,ssarre1k@tripadvisor.com,Agender,153.196.184.101
158,Theobald,Dachs,tdachs1l@amazon.de,Male,59.101.84.240
159,Alfi,Baggot,abaggot1m@weather.com,Non-binary,15.65.3.192
160,Loella,Hyett,lhyett1n@mashable.com,Female,12.190.100.36
161,Stinky,Klimshuk,sklimshuk1o@blinklist.com,Genderfluid,53.42.201.83
162,Artie,Hrishanok,ahrishanok1p@paginegialle.it,Male,8.88.29.226
163,Annie,Rock,arock1q@creativecommons.org,Female,56.70.194.56
164,Henka,Crump,hcrump1r@adobe.com,Polygender,253.75.176.126
165,Lemar,Depport,ldepport1s@spotify.com,Male,188.180.46.63
166,Law,Delooze,ldelooze1t@ycombinator.com,Male,171.78.130.253
167,Ricky,Grimestone,rgrimestone1u@sitemeter.com,Male,70.66.171.151
168,Scotti,Teather,steather1v@imgur.com,Male,14.210.96.239
169,Lorna,Cornew,lcornew1w@seesaa.net,Female,122.23.149.165
170,Hartley,Sichardt,hsichardt1x@tinypic.com,Male,150.143.61.199
171,Prinz,Rapier,prapier1y@biblegateway.com,Male,149.101.22.142
172,Elberta,Sibray,esibray1z@examiner.com,Female,47.176.148.152
173,Marjie,Hammond,mhammond20@angelfire.com,Non-binary,62.135.227.73
174,Elyssa,Hobell,ehobell21@merriam-webster.com,Female,235.222.151.211
175,Aron,Behnecken,abehnecken22@google.fr,Male,44.219.95.115
176,Gavin,Bendson,gbendson23@deviantart.com,Male,14.46.137.249
177,Archibaldo,Hickin,ahickin24@moonfruit.com,Male,165.62.25.78
178,Gabey,Yeandel,gyeandel25@moonfruit.com,Female,241.54.175.214
179,Burtie,Boissier,bboissier26@mac.com,Male,181.31.26.186
180,Jackson,MacGuiness,jmacguiness27@ucla.edu,Male,255.55.124.136
181,Angelia,Tilston,atilston28@toplist.cz,Female,230.111.122.183
182,Alix,Kanzler,akanzler29@1688.com,Female,70.60.185.52
183,Martie,Buyers,mbuyers2a@netscape.com,Male,50.123.112.254
184,Shir,Pastor,spastor2b@freewebs.com,Female,202.94.62.4
185,Alfonse,Polk,apolk2c@aboutads.info,Male,2.106.97.134
186,Chryste,Vitet,cvitet2d@bloglovin.com,Female,152.185.168.69
187,Aundrea,Tift,atift2e@apple.com,Female,147.244.26.232
188,Allsun,Towell,atowell2f@auda.org.au,Female,232.105.49.54
189,Guthrey,Filyushkin,gfilyushkin2g@technorati.com,Male,114.142.76.215
190,Mattie,Dripp,mdripp2h@infoseek.co.jp,Male,75.148.223.154
191,Biddy,Goathrop,bgoathrop2i@chronoengine.com,Female,45.191.110.174
192,Seana,Whetland,swhetland2j@chicagotribune.com,Female,181.53.133.77
193,Fayth,Cornford,fcornford2k@alexa.com,Female,3.169.121.148
194,Cristy,Poacher,cpoacher2l@hugedomains.com,Female,211.106.134.44
195,Mayer,McKerton,mmckerton2m@addtoany.com,Male,174.40.220.158
196,Brent,Makin,bmakin2n@merriam-webster.com,Genderqueer,3.242.207.242
197,Thibaud,Dacke,tdacke2o@microsoft.com,Male,28.74.4.55
198,Alphard,Readshall,areadshall2p@tuttocitta.it,Male,213.58.203.147
199,Annabal,Jullian,ajullian2q@naver.com,Female,36.85.169.3
200,Melloney,Cloney,mcloney2r@fda.gov,Female,65.169.172.228
201,Hillie,Kuhlen,hkuhlen2s@t-online.de,Male,156.150.191.184
202,Tonye,Osmund,tosmund2t@noaa.gov,Female,50.170.4.90
203,Elissa,Upcott,eupcott2u@home.pl,Female,84.1.59.251
204,Sukey,Nannoni,snannoni2v@soundcloud.com,Female,47.1.193.184
205,Kienan,Gorton,kgorton2w@devhub.com,Male,34.75.22.248
206,Larine,Lansbury,llansbury2x@t-online.de,Female,2.28.101.190
207,Erinn,Muzzollo,emuzzollo2y@loc.gov,Female,68.231.103.4
208,Garret,Chrismas,gchrismas2z@wired.com,Male,24.52.18.233
209,Jinny,Hassekl,jhassekl30@hibu.com,Female,183.135.69.68
210,Lyman,Fairbeard,lfairbeard31@theglobeandmail.com,Male,128.93.92.57
211,Christal,Snailham,csnailham32@bloglovin.com,Female,168.169.183.173
212,Zollie,MacFadyen,zmacfadyen33@dion.ne.jp,Male,224.165.125.17
213,Jude,Corness,jcorness34@chron.com,Male,208.143.63.176
214,Melantha,Simonato,msimonato35@angelfire.com,Female,125.133.168.144
215,Pauline,Tamburo,ptamburo36@technorati.com,Female,180.30.92.196
216,Sigrid,Cloughton,scloughton37@forbes.com,Female,239.223.182.31
217,Grier,Noe,gnoe38@walmart.com,Female,204.228.103.48
218,Pammy,Keneforde,pkeneforde39@sogou.com,Female,232.175.226.216
219,Maia,Demeter,mdemeter3a@ocn.ne.jp,Female,151.116.237.69
220,Alma,Donavan,adonavan3b@webs.com,Genderqueer,173.144.32.19
221,Eran,Karlolak,ekarlolak3c@usatoday.com,Female,254.155.60.152
222,Madella,Dudin,mdudin3d@google.co.uk,Female,138.80.107.155
223,Alyson,Best,abest3e@clickbank.net,Female,25.82.87.202
224,Baxy,Stapley,bstapley3f@pagesperso-orange.fr,Male,190.252.78.1
225,Sandi,Backhurst,sbackhurst3g@fda.gov,Female,215.206.181.22
226,Raina,Gulliford,rgulliford3h@sitemeter.com,Non-binary,219.237.19.86
227,Corilla,Burfield,cburfield3i@pagesperso-orange.fr,Female,132.198.250.1
228,Curtice,Capner,ccapner3j@fema.gov,Male,156.206.99.11
229,Gunther,Vann,gvann3k@accuweather.com,Male,90.160.91.21
230,Westbrooke,Keyse,wkeyse3l@aboutads.info,Male,214.46.169.188
231,Ileana,Sandcroft,isandcroft3m@admin.ch,Female,227.166.84.53
232,Salmon,Lorens,slorens3n@wix.com,Male,200.154.204.245
233,Raff,Bennellick,rbennellick3o@imageshack.us,Male,137.114.58.181
234,Darill,Dosdale,ddosdale3p@webeden.co.uk,Male,84.180.31.83
235,Cary,Capron,ccapron3q@discuz.net,Female,35.253.63.65
236,Ezechiel,Phillcox,ephillcox3r@ameblo.jp,Male,1.80.47.109
237,Carlo,Brute,cbrute3s@surveymonkey.com,Male,171.192.200.43
238,Morty,FitzGibbon,mfitzgibbon3t@stumbleupon.com,Male,69.31.234.20
239,Ania,Loddy,aloddy3u@nydailynews.com,Female,151.154.166.132
240,Pip,Flewitt,pflewitt3v@istockphoto.com,Male,120.214.172.46
241,Mariska,Cruickshank,mcruickshank3w@walmart.com,Female,156.148.55.200
242,Janina,Calcraft,jcalcraft3x@sbwire.com,Female,134.119.239.210
243,Tiebold,Wipper,twipper3y@skyrock.com,Male,95.215.128.143
244,Francesca,Pittoli,fpittoli3z@mysql.com,Female,105.43.200.38
245,Lowrance,Walbrun,lwalbrun40@state.tx.us,Male,142.47.183.139
246,Kimbra,Kalvin,kkalvin41@hibu.com,Female,115.12.161.4
247,Meredeth,Jarman,mjarman42@unc.edu,Male,157.49.5.205
248,Cairistiona,Bigglestone,cbigglestone43@disqus.com,Female,197.211.51.73
249,Hew,Sirett,hsirett44@census.gov,Male,224.107.251.70
250,Melessa,Simunek,msimunek45@walmart.com,Female,54.244.151.219
251,Dennie,MacRitchie,dmacritchie46@yandex.ru,Male,35.113.107.182
252,Gal,Abramovicz,gabramovicz47@discuz.net,Male,83.169.237.152
253,Ermin,Sneesbie,esneesbie48@imdb.com,Male,115.102.242.9
254,Ogden,Marte,omarte49@booking.com,Male,200.90.242.191
255,Merrile,Conklin,mconklin4a@seesaa.net,Female,121.14.56.18
256,Jeremie,Olifaunt,jolifaunt4b@loc.gov,Male,239.62.199.9
257,Sissie,Meach,smeach4c@weather.com,Female,1.206.45.126
258,Alair,Lount,alount4d@phpbb.com,Male,223.235.189.157
259,Iain,Fison,ifison4e@marketwatch.com,Male,20.35.57.124
260,Meade,Kerwin,mkerwin4f@shop-pro.jp,Male,71.223.11.163
261,Clarette,Jedrzej,cjedrzej4g@live.com,Female,84.66.177.41
262,Husein,Pimley,hpimley4h@nbcnews.com,Male,157.91.207.164
263,Burg,Timewell,btimewell4i@ning.com,Genderqueer,154.173.36.149
264,Mahmoud,Ebbings,mebbings4j@lulu.com,Male,134.211.106.69
265,Marijn,Sandeson,msandeson4k@scribd.com,Male,84.232.109.188
266,Oriana,Hedde,ohedde4l@state.gov,Female,192.131.67.117
267,Jacqueline,Sirman,jsirman4m@digg.com,Female,27.119.46.90
268,Franklin,Aleksich,faleksich4n@timesonline.co.uk,Male,217.158.29.132
269,Juieta,Leeder,jleeder4o@sina.com.cn,Female,182.167.159.249
270,Aleda,Berlin,aberlin4p@jimdo.com,Female,86.182.163.115
271,Raquel,Rushmare,rrushmare4q@xing.com,Female,146.166.79.164
272,Sharron,Acres,sacres4r@nydailynews.com,Female,148.186.242.20
273,Sigfrid,Griffithe,sgriffithe4s@wix.com,Male,223.212.70.83
274,Woodrow,Jenckes,wjenckes4t@com.com,Male,1.187.69.204
275,Theobald,Somner,tsomner4u@rakuten.co.jp,Male,169.62.158.194
276,Quill,Corbishley,qcorbishley4v@state.gov,Male,58.26.10.110
277,Reagen,Kewley,rkewley4w@ted.com,Male,15.120.39.102
278,Lark,Meere,lmeere4x@spotify.com,Female,40.39.163.177
279,Kassi,Braferton,kbraferton4y@slate.com,Female,186.180.92.13
280,Miltie,Goodbody,mgoodbody4z@statcounter.com,Male,174.137.158.6
281,Jaquelin,Takkos,jtakkos50@1688.com,Female,249.223.40.133
282,Laurie,Cobden,lcobden51@rambler.ru,Male,31.71.18.176
283,Ellsworth,Kilcoyne,ekilcoyne52@de.vu,Male,150.208.97.193
284,Dorian,Brabyn,dbrabyn53@joomla.org,Female,17.173.117.110
285,Hector,Lavrick,hlavrick54@marketwatch.com,Male,87.98.181.22
286,Eduardo,Apedaile,eapedaile55@foxnews.com,Male,255.89.216.28
287,Madge,Pescud,mpescud56@wufoo.com,Female,76.148.120.253
288,Lesly,Casbolt,lcasbolt57@house.gov,Female,54.62.61.114
289,Shaw,Shenley,sshenley58@dailymail.co.uk,Male,212.82.99.54
290,Hector,Curthoys,hcurthoys59@blogs.com,Male,49.238.202.149
291,Kendricks,Jessopp,kjessopp5a@wunderground.com,Male,181.27.188.207
292,Luella,Sifleet,lsifleet5b@google.co.uk,Female,101.8.13.57
293,Zilvia,Benkin,zbenkin5c@51.la,Female,40.237.30.204
294,Guthry,Brien,gbrien5d@theatlantic.com,Male,201.42.249.211
295,Brit,Lyosik,blyosik5e@cmu.edu,Female,190.91.107.151
296,Augy,Meneur,ameneur5f@addthis.com,Male,63.34.211.55
297,Angil,Pond,apond5g@com.com,Female,198.9.155.192
298,Montgomery,Colquit,mcolquit5h@yolasite.com,Male,98.177.204.251
299,Korie,Yarrell,kyarrell5i@typepad.com,Female,115.90.245.179
300,Gwyn,Janus,gjanus5j@shinystat.com,Female,115.101.56.216
301,Uriel,MacGuffie,umacguffie5k@home.pl,Male,10.118.232.23
302,Jerald,Base,jbase5l@sitemeter.com,Male,140.155.193.151
303,Mile,Abrahamsson,mabrahamsson5m@rediff.com,Male,12.56.109.182
304,Cullan,Goscomb,cgoscomb5n@nature.com,Male,88.243.214.93
305,Marcelline,Carine,mcarine5o@angelfire.com,Female,56.159.125.121
306,Christy,Sneesbie,csneesbie5p@europa.eu,Male,140.220.76.30
307,Delia,Bondley,dbondley5q@geocities.com,Female,159.224.135.181
308,Gwendolen,Cossell,gcossell5r@google.cn,Female,194.242.23.93
309,Hilly,Fannon,hfannon5s@webeden.co.uk,Male,227.55.227.152
310,Emanuel,Jeanon,ejeanon5t@aboutads.info,Male,10.63.29.80
311,Malanie,Ralling,mralling5u@live.com,Female,184.192.0.61
312,Eldridge,Fattore,efattore5v@imgur.com,Male,198.192.117.13
313,Krystle,Pail,kpail5w@issuu.com,Female,132.119.233.116
314,Erick,Woosnam,ewoosnam5x@jimdo.com,Bigender,124.41.15.66
315,Olwen,Stanton,ostanton5y@fotki.com,Female,73.87.57.48
316,Megen,Bunt,mbunt5z@seesaa.net,Genderfluid,248.225.94.73
317,Ingra,Frankowski,ifrankowski60@dedecms.com,Male,239.240.249.149
318,Saunders,Wardroper,swardroper61@vimeo.com,Male,74.247.203.153
319,Adriano,Franseco,afranseco62@ycombinator.com,Male,107.123.103.230
320,Gertruda,Poate,gpoate63@aboutads.info,Female,168.234.172.182
321,Drusie,Laise,dlaise64@flavors.me,Female,97.235.212.97
322,Bernice,Pryce,bpryce65@cdc.gov,Female,194.13.145.1
323,Milty,Baseley,mbaseley66@pcworld.com,Male,94.124.196.111
324,Renaldo,Alred,ralred67@nature.com,Male,62.101.96.212
325,Odessa,Moulin,omoulin68@deviantart.com,Female,124.196.241.138
326,Joni,Kender,jkender69@rakuten.co.jp,Female,253.113.61.223
327,Cristian,Fraschini,cfraschini6a@zdnet.com,Male,105.65.134.192
328,Holmes,Surcombe,hsurcombe6b@weibo.com,Genderfluid,73.229.75.105
329,Arlan,Messier,amessier6c@newsvine.com,Male,106.95.76.242
330,Salvatore,Stowers,sstowers6d@google.ca,Male,114.138.233.164
331,Malina,Arnaldy,marnaldy6e@de.vu,Female,172.45.97.6
332,Sharla,Sarvar,ssarvar6f@webeden.co.uk,Female,206.57.209.92
333,Dee,Callear,dcallear6g@youtu.be,Female,110.108.217.99
334,Yorker,Huard,yhuard6h@qq.com,Male,248.128.38.16
335,Ashly,Ruppertz,aruppertz6i@blogs.com,Female,244.121.167.26
336,Toni,Boddy,tboddy6j@who.int,Female,79.239.26.50
337,Richart,Sidney,rsidney6k@google.it,Male,21.158.163.21
338,Moritz,Lumber,mlumber6l@independent.co.uk,Male,14.191.85.32
339,Juana,Freeland,jfreeland6m@over-blog.com,Female,2.153.53.64
340,Mufinella,Golding,mgolding6n@buzzfeed.com,Female,110.243.75.68
341,Lin,Engelbrecht,lengelbrecht6o@chronoengine.com,Female,92.3.25.100
342,Melitta,Philipot,mphilipot6p@fastcompany.com,Female,227.14.119.146
343,Bridgette,Symcox,bsymcox6q@stumbleupon.com,Female,27.108.200.87
344,Fredrick,Joynt,fjoynt6r@noaa.gov,Male,228.144.137.217
345,Bartel,Dinis,bdinis6s@prlog.org,Male,160.63.66.204
346,Ag,Mc Harg,amcharg6t@forbes.com,Female,145.54.196.47
347,Dulcia,Lindner,dlindner6u@vk.com,Female,126.212.16.74
348,Iolanthe,Aveling,iaveling6v@house.gov,Female,197.224.64.116
349,Gwenneth,Maudson,gmaudson6w@woothemes.com,Female,239.75.28.171
350,Colly,Tine,ctine6x@mapquest.com,Female,250.125.149.244
351,Siffre,Lansley,slansley6y@delicious.com,Genderqueer,92.112.139.43
352,Taber,Eldred,teldred6z@theglobeandmail.com,Male,38.222.160.129
353,Davina,Astie,dastie70@freewebs.com,Female,187.115.146.175
354,Norry,Carthew,ncarthew71@ucsd.edu,Male,239.248.21.204
355,Odelinda,Pyett,opyett72@dmoz.org,Female,30.40.97.196
356,Harley,Jaquest,hjaquest73@usgs.gov,Male,10.98.132.123
357,Tracey,Lanbertoni,tlanbertoni74@issuu.com,Male,220.180.74.161
358,Fulton,Flecknell,fflecknell75@google.com.hk,Male,40.112.214.37
359,Lani,Ponsford,lponsford76@imgur.com,Female,11.223.93.207
360,Meghan,Conklin,mconklin77@paginegialle.it,Female,190.139.206.154
361,Imogen,Kuhn,ikuhn78@nsw.gov.au,Female,250.249.42.31
362,Portia,Handasyde,phandasyde79@e-recht24.de,Female,234.50.20.201
363,Julio,Haddeston,jhaddeston7a@mysql.com,Male,119.125.28.115
364,Hamnet,Fullard,hfullard7b@php.net,Male,202.254.34.22
365,Klarika,Hallowes,khallowes7c@sourceforge.net,Genderfluid,213.192.12.170
366,Ariel,Sawfoot,asawfoot7d@acquirethisname.com,Male,19.103.30.12
367,Jessey,Isgate,jisgate7e@networksolutions.com,Male,156.196.95.201
368,Kristel,Legrave,klegrave7f@sciencedaily.com,Female,102.209.44.201
369,Batholomew,Greed,bgreed7g@hostgator.com,Male,181.31.98.194
370,Urson,Borless,uborless7h@vkontakte.ru,Male,36.240.198.33
371,Colan,Solley,csolley7i@photobucket.com,Male,218.181.252.250
372,Betsy,Ossipenko,bossipenko7j@economist.com,Bigender,194.95.143.36
373,Lucky,Signori,lsignori7k@nps.gov,Female,61.209.193.185
374,Amity,Coard,acoard7l@oaic.gov.au,Female,23.131.92.226
375,Reine,Frere,rfrere7m@cnet.com,Female,212.104.203.41
376,Othilia,Gerault,ogerault7n@wired.com,Bigender,144.11.24.122
377,Berte,Strewthers,bstrewthers7o@over-blog.com,Female,36.7.99.219
378,Kendrick,Fayter,kfayter7p@ameblo.jp,Male,132.173.89.190
379,Sydney,Siehard,ssiehard7q@theatlantic.com,Male,14.47.112.78
380,Letitia,Danilewicz,ldanilewicz7r@blogger.com,Female,236.15.158.12
381,Susanne,Gile,sgile7s@google.com.br,Female,118.40.168.14
382,Jorge,Boerderman,jboerderman7t@samsung.com,Non-binary,244.250.103.123
383,Hyacinthe,de Werk,hdewerk7u@webmd.com,Female,60.221.93.16
384,Britney,O'Harney,boharney7v@squidoo.com,Female,253.120.233.101
385,Terri,Vasichev,tvasichev7w@youku.com,Female,15.151.76.138
386,Alisha,Fritchly,afritchly7x@creativecommons.org,Female,61.30.238.58
387,Gallard,Barmby,gbarmby7y@mashable.com,Male,191.209.124.227
388,Imojean,Rycraft,irycraft7z@cdbaby.com,Female,150.191.100.106
389,Keelia,Twinbrow,ktwinbrow80@nyu.edu,Female,213.206.181.15
390,Sadie,Tregensoe,stregensoe81@wisc.edu,Female,104.149.202.24
391,Stanleigh,McClune,smcclune82@ycombinator.com,Male,115.92.200.251
392,Chilton,Aleshkov,caleshkov83@cbc.ca,Genderfluid,222.201.6.53
393,Randolf,Burgise,rburgise84@disqus.com,Male,118.134.140.209
394,Fan,Banister,fbanister85@uol.com.br,Female,213.74.200.166
395,Jolyn,Cordle,jcordle86@mac.com,Female,124.52.253.38
396,York,Krystof,ykrystof87@hubpages.com,Bigender,76.88.7.111
397,Adah,Bessent,abessent88@slideshare.net,Female,166.19.243.237
398,Cami,Waldren,cwaldren89@vkontakte.ru,Bigender,24.166.246.131
399,Aldon,Arpino,aarpino8a@redcross.org,Male,36.217.119.242
400,Francisca,Helwig,fhelwig8b@paypal.com,Female,159.219.83.4
401,Barry,Gilcrist,bgilcrist8c@usa.gov,Female,85.113.63.13
402,Flynn,Tant,ftant8d@ca.gov,Male,29.163.188.145
403,Skipp,Staner,sstaner8e@dropbox.com,Polygender,196.221.53.125
404,Orin,Hoodspeth,ohoodspeth8f@marriott.com,Male,148.78.75.139
405,Lotty,Salvati,lsalvati8g@webnode.com,Female,68.211.182.76
406,Desdemona,Kleinhaus,dkleinhaus8h@simplemachines.org,Female,48.75.188.157
407,Beverie,Enrique,benrique8i@netscape.com,Genderqueer,186.152.17.167
408,Michaelina,Gergolet,mgergolet8j@bloglovin.com,Bigender,171.201.43.87
409,Tallie,McAdam,tmcadam8k@slashdot.org,Male,49.133.86.50
410,Torre,Faltin,tfaltin8l@tumblr.com,Male,144.9.131.137
411,Kylen,Motherwell,kmotherwell8m@google.it,Female,33.247.217.62
412,Harp,Eite,heite8n@wsj.com,Male,120.15.39.192
413,Yves,Dahler,ydahler8o@microsoft.com,Male,196.115.113.109
414,Clementia,Reade,creade8p@icq.com,Female,10.53.40.135
415,Ardyth,Zylberdik,azylberdik8q@wired.com,Female,246.6.90.52
416,Alyosha,Posselow,aposselow8r@nsw.gov.au,Male,254.22.190.157
417,Ber,Wingeat,bwingeat8s@state.tx.us,Male,65.189.211.117
418,Nathalia,Callaghan,ncallaghan8t@techcrunch.com,Female,169.173.116.66
419,Hatty,Veighey,hveighey8u@yahoo.com,Female,149.26.13.76
420,Jedidiah,Cobden,jcobden8v@google.de,Male,60.47.122.229
421,Alvan,Weber,aweber8w@google.ru,Male,191.66.104.223
422,Roldan,Ogilvy,rogilvy8x@exblog.jp,Male,254.33.20.21
423,Fin,Dorin,fdorin8y@twitter.com,Male,90.28.109.45
424,Curry,Jickells,cjickells8z@sun.com,Polygender,86.126.203.149
425,Jerrylee,Gamett,jgamett90@taobao.com,Female,47.202.83.113
426,Parrnell,Saldler,psaldler91@multiply.com,Male,239.29.163.166
427,Sean,Brome,sbrome92@lycos.com,Male,84.195.224.53
428,Sosanna,Farrey,sfarrey93@nytimes.com,Female,33.14.57.20
429,Kellyann,Jako,kjako94@marketwatch.com,Female,215.105.228.150
430,Juli,Matysik,jmatysik95@nih.gov,Female,141.74.84.93
431,Frank,Gooddie,fgooddie96@yolasite.com,Male,110.47.22.39
432,Jud,Crummay,jcrummay97@symantec.com,Male,1.82.75.162
433,Ladonna,Takis,ltakis98@jigsy.com,Female,147.159.103.94
434,Riki,Devitt,rdevitt99@soundcloud.com,Female,75.248.90.96
435,Obie,Gilmour,ogilmour9a@g.co,Male,100.165.218.78
436,Freedman,Posten,fposten9b@weather.com,Male,23.13.24.4
437,Coralie,Pretious,cpretious9c@ask.com,Female,141.225.224.184
438,Essy,Oriel,eoriel9d@google.it,Female,60.190.202.81
439,Meade,Garnham,mgarnham9e@hhs.gov,Female,56.2.156.34
440,Hildegarde,Dickie,hdickie9f@github.com,Female,56.17.221.169
441,Laney,Rockhill,lrockhill9g@technorati.com,Polygender,109.19.78.83
442,Felipe,Favelle,ffavelle9h@kickstarter.com,Male,21.29.148.240
443,Carmita,Molohan,cmolohan9i@ihg.com,Female,82.196.76.13
444,Aldo,Marcombe,amarcombe9j@eventbrite.com,Male,140.202.134.53
445,Lia,Gillise,lgillise9k@apache.org,Female,100.33.229.157
446,Alys,Buckie,abuckie9l@cargocollective.com,Female,136.163.125.208
447,Starr,Backshall,sbackshall9m@uol.com.br,Female,174.53.95.247
448,Lavina,Mattielli,lmattielli9n@meetup.com,Female,4.237.7.26
449,Inesita,Bridgens,ibridgens9o@craigslist.org,Female,244.18.108.203
450,Minda,Caller,mcaller9p@intel.com,Female,181.77.199.219
451,Pacorro,Skitterel,pskitterel9q@imageshack.us,Male,196.35.253.243
452,Griffith,Gritskov,ggritskov9r@dailymail.co.uk,Male,255.70.93.229
453,Grover,Fulop,gfulop9s@telegraph.co.uk,Male,84.222.51.47
454,Shane,Farbrother,sfarbrother9t@myspace.com,Female,26.192.177.165
455,Ethel,Portugal,eportugal9u@ezinearticles.com,Genderqueer,229.119.227.132
456,Eartha,Churn,echurn9v@github.io,Female,40.169.3.135
457,Olia,Lorek,olorek9w@dagondesign.com,Female,209.214.232.130
458,Gram,Matthewman,gmatthewman9x@indiatimes.com,Male,20.255.5.207
459,Ingar,Dysert,idysert9y@thetimes.co.uk,Male,58.47.55.12
460,Rosy,Blazejewski,rblazejewski9z@google.de,Female,90.79.0.218
461,Nora,Claworth,nclawortha0@ow.ly,Female,236.238.85.32
462,Joachim,Wait,jwaita1@jimdo.com,Polygender,241.21.85.139
463,Adi,Cawdell,acawdella2@amazon.co.uk,Female,196.244.226.43
464,Aurea,Jakeman,ajakemana3@blogtalkradio.com,Female,253.64.56.236
465,Mirella,Jouhning,mjouhninga4@wikipedia.org,Female,221.131.45.27
466,Barney,Laffan,blaffana5@icq.com,Male,94.59.175.106
467,Griselda,Mollindinia,gmollindiniaa6@hc360.com,Female,220.58.116.33
468,Bancroft,Smitham,bsmithama7@washington.edu,Male,82.9.50.56
469,Jobi,Jelphs,jjelphsa8@unesco.org,Female,179.116.76.120
470,Mendy,Sarten,msartena9@yellowbook.com,Polygender,139.148.185.48
471,Lita,Henkmann,lhenkmannaa@tamu.edu,Female,53.99.36.222
472,Murial,Pedroni,mpedroniab@nymag.com,Female,27.50.166.95
473,Frasquito,Goudy,fgoudyac@gnu.org,Male,191.149.246.198
474,Eliot,Sancroft,esancroftad@amazon.com,Male,137.221.61.209
475,Bree,Petran,bpetranae@toplist.cz,Female,88.119.39.67
476,Humberto,Pattillo,hpattilloaf@shutterfly.com,Male,199.187.88.74
477,Lira,Rosewall,lrosewallag@usnews.com,Female,126.248.240.87
478,Dorthea,Oosthout de Vree,doosthoutdevreeah@chicagotribune.com,Genderqueer,236.250.235.230
479,Duke,Reuter,dreuterai@technorati.com,Male,131.96.45.212
480,Joete,Letertre,jletertreaj@bluehost.com,Female,212.189.148.68
481,Dick,Nisbet,dnisbetak@behance.net,Male,159.94.97.115
482,Benni,Scutcheon,bscutcheonal@census.gov,Genderfluid,52.253.159.184
483,Rourke,Emeney,remeneyam@ow.ly,Male,147.120.179.82
484,Ferdinanda,Touson,ftousonan@princeton.edu,Female,207.249.16.36
485,Velma,Dutton,vduttonao@flavors.me,Female,245.102.185.111
486,Minnie,Jansie,mjansieap@mozilla.com,Female,94.81.241.99
487,Hubey,Ditty,hdittyaq@ox.ac.uk,Male,116.134.230.49
488,Pattie,Jagson,pjagsonar@virginia.edu,Male,239.72.199.208
489,Harv,Toon,htoonas@taobao.com,Male,0.205.58.182
490,Matty,Emmison,memmisonat@state.gov,Male,204.62.42.249
491,Gwenora,Eliassen,geliassenau@fotki.com,Female,204.139.196.140
492,Asher,Iashvili,aiashviliav@admin.ch,Male,62.219.148.35
493,Millard,Moulster,mmoulsteraw@unicef.org,Male,109.143.54.12
494,Lori,Grummitt,lgrummittax@si.edu,Female,83.160.228.19
495,Cortie,Stopp,cstoppay@illinois.edu,Male,234.7.94.99
496,Bobbee,Ainsby,bainsbyaz@php.net,Female,193.187.120.165
497,Damaris,Bour,dbourb0@about.com,Female,218.65.108.86
498,Oralee,Trye,otryeb1@smh.com.au,Female,107.225.28.110
499,Johnathan,Rowes,jrowesb2@rambler.ru,Genderqueer,136.115.9.158
500,Conny,Bentson,cbentsonb3@github.com,Male,144.133.220.3
501,Carolyn,Mallard,cmallardb4@ca.gov,Female,132.239.115.206
502,Svend,Wardle,swardleb5@java.com,Male,20.229.147.187
503,Rossie,Haggarth,rhaggarthb6@google.pl,Male,159.105.60.196
504,Cecilla,Southerill,csoutherillb7@ameblo.jp,Female,148.213.255.114
505,Wheeler,Turley,wturleyb8@usatoday.com,Male,130.153.178.136
506,Claiborne,Marshland,cmarshlandb9@businesswire.com,Male,193.71.160.172
507,Nickie,De Simone,ndesimoneba@bluehost.com,Male,70.78.105.187
508,Kennett,Mangenet,kmangenetbb@ow.ly,Male,138.13.243.2
509,Earlie,Gorst,egorstbc@google.co.uk,Male,199.17.149.60
510,Freddy,Culshaw,fculshawbd@qq.com,Male,70.231.246.254
511,Hill,McKinn,hmckinnbe@webmd.com,Bigender,64.26.145.250
512,Umberto,Shellard,ushellardbf@goo.ne.jp,Male,53.155.50.130
513,Darleen,Sleany,dsleanybg@sogou.com,Female,251.148.39.236
514,Kellen,Dixcey,kdixceybh@loc.gov,Female,76.254.58.106
515,Rosita,Clubbe,rclubbebi@buzzfeed.com,Non-binary,77.30.157.43
516,Marge,Tiller,mtillerbj@ow.ly,Female,60.175.111.60
517,Vidovik,Cruxton,vcruxtonbk@mozilla.org,Male,49.118.247.241
518,Sutherlan,Grimbaldeston,sgrimbaldestonbl@smugmug.com,Male,209.247.97.85
519,Clarance,Longfellow,clongfellowbm@mozilla.org,Male,26.161.49.66
520,Dawna,Strangeway,dstrangewaybn@1und1.de,Female,69.236.159.130
521,Gardener,Jocic,gjocicbo@princeton.edu,Male,12.139.176.101
522,Julietta,Harvie,jharviebp@ameblo.jp,Female,99.239.117.182
523,Morissa,Handmore,mhandmorebq@vk.com,Female,14.222.143.72
524,Brynna,Pardey,bpardeybr@twitpic.com,Female,68.179.59.118
525,Ralf,Sleath,rsleathbs@wikispaces.com,Male,95.61.171.159
526,Holmes,Amys,hamysbt@globo.com,Genderqueer,153.61.106.136
527,Charisse,MacMechan,cmacmechanbu@ycombinator.com,Female,122.12.18.21
528,Pebrook,Caro,pcarobv@sciencedaily.com,Male,190.57.139.182
529,Royal,Spikins,rspikinsbw@wix.com,Male,146.242.53.142
530,Cayla,Ryding,crydingbx@cloudflare.com,Female,73.98.119.213
531,Alexandrina,Darlison,adarlisonby@shutterfly.com,Female,241.147.152.223
532,Neilla,Brothwell,nbrothwellbz@dedecms.com,Female,46.63.98.68
533,Morgen,Denecamp,mdenecampc0@ezinearticles.com,Male,76.6.211.59
534,Teri,Skett,tskettc1@omniture.com,Female,19.118.242.18
535,Linell,Pfeffel,lpfeffelc2@geocities.com,Female,123.188.206.176
536,Aundrea,Lagneaux,alagneauxc3@nytimes.com,Female,121.116.209.44
537,Emmalynne,McGoldrick,emcgoldrickc4@de.vu,Female,199.95.217.43
538,Mack,Stot,mstotc5@hexun.com,Male,151.213.25.222
539,Barbabas,Alliston,ballistonc6@addtoany.com,Male,190.215.136.38
540,Dayna,Aartsen,daartsenc7@vinaora.com,Genderqueer,150.128.85.40
541,Faun,Briand,fbriandc8@latimes.com,Female,69.183.242.211
542,Dan,Stitch,dstitchc9@skyrock.com,Male,55.70.35.53
543,Aloin,McIllrick,amcillrickca@ox.ac.uk,Male,12.218.97.147
544,Charlotta,Clench,cclenchcb@icq.com,Female,247.152.99.67
545,Silvain,Hearn,shearncc@plala.or.jp,Male,240.33.144.250
546,Farly,Bonwell,fbonwellcd@pcworld.com,Male,251.43.200.218
547,Kyle,Losbie,klosbiece@pagesperso-orange.fr,Female,146.120.167.77
548,Eva,Farlowe,efarlowecf@chron.com,Female,227.200.243.172
549,Rollins,Kelshaw,rkelshawcg@shop-pro.jp,Male,6.93.2.251
550,Ileana,Wisam,iwisamch@google.pl,Female,52.151.96.52
551,Kaiser,Dearell,kdearellci@wp.com,Male,55.90.116.214
552,Kimbell,Plan,kplancj@jiathis.com,Male,213.181.60.180
553,Rosetta,Treace,rtreaceck@live.com,Polygender,84.154.9.213
554,Pippo,Beecheno,pbeechenocl@goo.ne.jp,Male,181.106.250.26
555,Tull,Jacke,tjackecm@arstechnica.com,Male,27.161.209.27
556,Alphonse,Mountain,amountaincn@hibu.com,Male,229.21.250.212
557,Devi,Pynner,dpynnerco@scribd.com,Female,47.191.94.49
558,Dinny,Reach,dreachcp@purevolume.com,Female,20.118.153.114
559,Raychel,Piscot,rpiscotcq@prlog.org,Female,16.43.202.122
560,Stanley,Moberley,smoberleycr@hatena.ne.jp,Male,20.0.130.4
561,Berton,Roome,broomecs@oracle.com,Male,174.224.114.66
562,Kat,Ruseworth,kruseworthct@bloglovin.com,Female,205.32.200.107
563,Amii,Emsley,aemsleycu@ovh.net,Genderqueer,15.89.165.220
564,Hunt,Hucknall,hhucknallcv@clickbank.net,Male,133.17.84.222
565,Caldwell,Strugnell,cstrugnellcw@mlb.com,Male,96.27.3.71
566,Paddy,Corneille,pcorneillecx@oracle.com,Male,2.106.233.47
567,Saw,Jugging,sjuggingcy@digg.com,Male,247.95.187.58
568,Freddi,Millichip,fmillichipcz@samsung.com,Genderqueer,97.200.107.237
569,Violante,McGoldrick,vmcgoldrickd0@jalbum.net,Female,136.41.141.159
570,Nat,Fipp,nfippd1@slideshare.net,Male,73.223.152.143
571,Anselm,Tomasicchio,atomasicchiod2@pinterest.com,Male,88.214.145.67
572,Mervin,Woffenden,mwoffendend3@canalblog.com,Male,80.45.128.46
573,Ginger,Gair,ggaird4@hubpages.com,Male,22.119.141.41
574,Abbye,Shaylor,ashaylord5@umich.edu,Genderqueer,112.144.224.51
575,Lyda,Fawdry,lfawdryd6@amazon.com,Female,117.23.251.46
576,Vonni,Headech,vheadechd7@arstechnica.com,Female,105.200.200.64
577,Maurise,Giovanizio,mgiovaniziod8@deliciousdays.com,Female,125.111.203.15
578,Kora,O'Concannon,koconcannond9@usatoday.com,Female,12.71.202.44
579,Alleyn,Whifen,awhifenda@ocn.ne.jp,Male,47.251.139.70
580,Sibella,Guarin,sguarindb@fastcompany.com,Female,110.154.1.213
581,Hayyim,Southworth,hsouthworthdc@printfriendly.com,Male,189.28.195.153
582,Katrinka,Pyett,kpyettdd@nhs.uk,Female,129.216.73.156
583,Durante,Farrand,dfarrandde@bigcartel.com,Male,121.55.0.145
584,Elka,Scarsbrick,escarsbrickdf@rambler.ru,Female,191.233.134.133
585,Boyce,Bell,bbelldg@instagram.com,Male,86.211.120.173
586,Levon,Pinkard,lpinkarddh@imdb.com,Male,240.145.233.210
587,Kimble,Cootes,kcootesdi@storify.com,Polygender,77.1.76.47
588,Aurelia,Gonnet,agonnetdj@webs.com,Female,133.232.42.41
589,Bartlet,Sedwick,bsedwickdk@gmpg.org,Male,176.129.34.1
590,Kearney,Canner,kcannerdl@google.ca,Male,31.85.224.243
591,Fidelio,Jurasz,fjuraszdm@wikipedia.org,Male,66.133.166.173
592,Lila,Rivalant,lrivalantdn@is.gd,Female,250.16.124.96
593,Elianore,Newnham,enewnhamdo@tamu.edu,Female,231.153.235.3
594,Hadley,Accum,haccumdp@diigo.com,Male,103.173.89.50
595,Corbet,Mennell,cmennelldq@weebly.com,Male,45.6.188.227
596,Annnora,Pawsey,apawseydr@hc360.com,Female,158.108.180.232
597,Hermione,Breache,hbreacheds@washingtonpost.com,Female,1.42.249.185
598,Becca,Shutte,bshuttedt@bluehost.com,Female,146.222.215.250
599,Mag,Kitt,mkittdu@ox.ac.uk,Female,44.140.20.157
600,Clint,Guyer,cguyerdv@ask.com,Male,38.8.65.145
601,Boone,Carlesso,bcarlessodw@businessweek.com,Male,233.204.229.92
602,Cobby,Rollinshaw,crollinshawdx@booking.com,Male,170.207.112.252
603,Brade,Beecraft,bbeecraftdy@amazon.co.jp,Male,62.195.180.4
604,Belia,Regler,breglerdz@printfriendly.com,Female,251.144.71.252
605,Madelin,Sabban,msabbane0@homestead.com,Female,97.220.153.97
606,Anet,Roscam,aroscame1@ed.gov,Female,157.0.52.38
607,Margette,Bartoli,mbartolie2@google.co.jp,Female,199.175.245.70
608,Obadias,Feaks,ofeakse3@huffingtonpost.com,Male,87.43.130.162
609,Nora,Swalwell,nswalwelle4@comsenz.com,Female,79.210.26.45
610,Rubie,Gillford,rgillforde5@furl.net,Female,18.186.70.10
611,Julienne,Laird,jlairde6@harvard.edu,Female,135.46.41.160
612,Trudie,Hyatt,thyatte7@webmd.com,Female,145.33.251.35
613,Cart,Infantino,cinfantinoe8@google.co.uk,Male,193.48.104.70
614,Anita,Smorthit,asmorthite9@indiatimes.com,Female,62.180.216.176
615,Ethelbert,Vaillant,evaillantea@msn.com,Male,27.177.208.180
616,Chaddie,Lefwich,clefwicheb@amazon.co.uk,Male,83.211.133.13
617,Kristy,Vezey,kvezeyec@virginia.edu,Female,187.229.94.113
618,Welby,Putnam,wputnamed@prnewswire.com,Male,226.32.127.236
619,Livy,Stitcher,lstitcheree@goodreads.com,Female,99.66.66.121
620,Annabell,Killwick,akillwickef@nifty.com,Female,174.180.81.35
621,Gilberte,Cottier,gcottiereg@hp.com,Female,128.37.106.19
622,Aggi,Guisby,aguisbyeh@aboutads.info,Female,181.13.186.114
623,Eleanor,Wildbore,ewildboreei@prlog.org,Female,45.29.89.53
624,Wenonah,Brandom,wbrandomej@so-net.ne.jp,Female,55.138.242.67
625,Chancey,Shailer,cshailerek@joomla.org,Male,234.172.122.99
626,Curcio,Uzzell,cuzzellel@engadget.com,Male,187.6.236.90
627,Carlen,Marmyon,cmarmyonem@pcworld.com,Genderfluid,1.213.254.158
628,Rebeka,Honatsch,rhonatschen@ucoz.com,Female,42.52.233.92
629,Brockie,Gideon,bgideoneo@vinaora.com,Male,218.137.30.86
630,Storm,Kobierzycki,skobierzyckiep@bigcartel.com,Female,149.240.41.54
631,Zora,Bannester,zbannestereq@list-manage.com,Female,127.184.192.238
632,Bidget,Dun,bduner@canalblog.com,Female,60.131.50.55
633,Chick,Spray,csprayes@dell.com,Male,196.42.118.159
634,Kaycee,Delacour,kdelacouret@pcworld.com,Female,213.224.111.201
635,Alanna,Cull,aculleu@gravatar.com,Female,221.88.76.84
636,Brian,Beaushaw,bbeaushawev@printfriendly.com,Male,186.217.113.219
637,Angele,Chase,achaseew@multiply.com,Female,200.202.123.197
638,Petr,Terbrugge,pterbruggeex@typepad.com,Male,74.161.39.251
639,Eduardo,Legge,eleggeey@google.nl,Genderfluid,238.29.47.85
640,Allistir,Mollin,amollinez@behance.net,Male,244.13.144.225
641,Andrej,Branwhite,abranwhitef0@spiegel.de,Male,66.19.155.96
642,Lucinda,Garatty,lgarattyf1@latimes.com,Female,119.28.166.22
643,Radcliffe,Manntschke,rmanntschkef2@desdev.cn,Male,155.177.189.88
644,Courtney,De Ruggiero,cderuggierof3@qq.com,Male,29.231.163.197
645,Eadith,Brozek,ebrozekf4@unblog.fr,Female,95.45.190.217
646,Warde,Grant,wgrantf5@va.gov,Male,115.75.75.225
647,Kellia,Fullerlove,kfullerlovef6@bloglines.com,Female,99.100.212.116
648,Hermy,Liccardo,hliccardof7@webmd.com,Male,161.132.206.127
649,Langston,Hentzer,lhentzerf8@dyndns.org,Male,84.133.18.75
650,Brigg,Keling,bkelingf9@goo.ne.jp,Male,3.240.28.185
651,Letti,Maffy,lmaffyfa@reuters.com,Female,234.19.72.74
652,Ellwood,O' Sullivan,eosullivanfb@instagram.com,Male,134.230.187.177
653,Danyelle,Wardrope,dwardropefc@pinterest.com,Female,224.254.228.220
654,Barde,Fosten,bfostenfd@cbslocal.com,Agender,210.122.106.133
655,Ethelda,Eisold,eeisoldfe@deviantart.com,Female,135.130.71.21
656,Rogerio,Montilla,rmontillaff@msu.edu,Male,241.149.177.115
657,Letta,Hurndall,lhurndallfg@forbes.com,Female,59.142.76.254
658,Shermy,Bruno,sbrunofh@un.org,Male,140.102.225.195
659,Wynn,McLaggan,wmclagganfi@creativecommons.org,Female,26.182.75.110
660,Cullie,Brammar,cbrammarfj@harvard.edu,Male,147.127.221.20
661,Darya,Sanham,dsanhamfk@edublogs.org,Female,193.114.231.1
662,Carilyn,Grigorian,cgrigorianfl@opera.com,Female,138.147.224.34
663,Murial,Creedland,mcreedlandfm@oaic.gov.au,Female,196.155.141.102
664,Fidelia,Kitchaside,fkitchasidefn@blogspot.com,Female,65.173.227.144
665,Lilas,Sorrie,lsorriefo@unblog.fr,Female,12.168.14.6
666,Boote,Faux,bfauxfp@gnu.org,Male,157.186.208.221
667,Frederigo,Hardingham,fhardinghamfq@mozilla.org,Bigender,26.0.136.250
668,Remy,Mushrow,rmushrowfr@mayoclinic.com,Female,109.95.3.208
669,Marwin,MacEvilly,mmacevillyfs@list-manage.com,Male,214.189.194.23
670,Jamil,Dy,jdyft@networkadvertising.org,Male,168.197.156.79
671,Kris,Refford,kreffordfu@fotki.com,Female,7.195.133.89
672,Ulrica,Flintoffe,uflintoffefv@netlog.com,Female,104.7.155.32
673,Genovera,Latchmore,glatchmorefw@indiegogo.com,Female,92.93.179.189
674,Karolina,Tulley,ktulleyfx@t-online.de,Female,104.19.239.245
675,Fletcher,Battye,fbattyefy@dailymail.co.uk,Male,236.97.132.143
676,Ricki,Gerber,rgerberfz@soup.io,Male,201.82.159.35
677,Fielding,Brazear,fbrazearg0@discuz.net,Male,224.42.247.93
678,Filbert,Gundrey,fgundreyg1@last.fm,Male,176.128.214.155
679,Meir,Woodwind,mwoodwindg2@free.fr,Male,64.81.147.163
680,Konrad,Jarrard,kjarrardg3@icio.us,Male,213.59.3.83
681,Carlin,Shippam,cshippamg4@globo.com,Male,189.73.24.72
682,Onofredo,Scholer,oscholerg5@cargocollective.com,Male,132.153.137.104
683,Bessy,Hathaway,bhathawayg6@geocities.com,Female,151.212.144.233
684,Adara,Ledgley,aledgleyg7@discovery.com,Female,71.84.62.161
685,Colly,Bruyntjes,cbruyntjesg8@tamu.edu,Female,173.149.89.166
686,Keane,Pechacek,kpechacekg9@bloglovin.com,Male,164.252.143.89
687,Wendall,Sarge,wsargega@vk.com,Male,161.86.246.127
688,Rob,Smart,rsmartgb@aol.com,Male,111.152.18.224
689,Shae,Buck,sbuckgc@infoseek.co.jp,Male,9.171.252.147
690,Tressa,Giacobbo,tgiacobbogd@java.com,Non-binary,107.1.233.10
691,Pepita,Perrigo,pperrigoge@mediafire.com,Female,15.8.99.189
692,Luelle,Tombs,ltombsgf@last.fm,Polygender,4.65.169.153
693,Udall,Charnick,ucharnickgg@java.com,Male,179.247.3.76
694,Raymund,Cattemull,rcattemullgh@abc.net.au,Male,44.73.201.159
695,Patton,Setterington,psetteringtongi@lulu.com,Male,182.245.174.5
696,Emilia,McAtamney,emcatamneygj@mtv.com,Female,5.45.68.36
697,Ruperto,Kenrat,rkenratgk@xing.com,Male,48.7.31.249
698,Luelle,Dougher,ldoughergl@redcross.org,Female,160.117.168.43
699,Abelard,Gallandre,agallandregm@delicious.com,Male,232.82.208.189
700,Ralf,Furbank,rfurbankgn@berkeley.edu,Male,154.55.15.3
701,Onofredo,Kender,okendergo@godaddy.com,Male,121.197.81.116
702,Cathi,Charlwood,ccharlwoodgp@google.cn,Female,180.87.80.82
703,Abigale,Bucke,abuckegq@livejournal.com,Female,95.153.166.101
704,Erica,Berrick,eberrickgr@google.it,Female,49.219.82.145
705,Rebe,Liston,rlistongs@ucoz.ru,Female,115.49.205.109
706,Robbi,Dunridge,rdunridgegt@msn.com,Female,202.29.79.69
707,Matty,Ainsley,mainsleygu@lulu.com,Male,142.128.248.116
708,Lynnell,Dradey,ldradeygv@nih.gov,Female,54.109.97.252
709,Derril,Tofanelli,dtofanelligw@usda.gov,Male,68.54.100.14
710,Carmelina,Broadbridge,cbroadbridgegx@springer.com,Female,11.221.219.17
711,Lorie,Baysting,lbaystinggy@miitbeian.gov.cn,Female,11.144.111.65
712,Web,Tanguy,wtanguygz@furl.net,Male,63.136.120.239
713,Carmelina,Crownshaw,ccrownshawh0@homestead.com,Female,186.90.140.65
714,Franklyn,Sellen,fsellenh1@wikipedia.org,Male,135.112.46.44
715,Zonda,Camamill,zcamamillh2@newsvine.com,Female,158.39.162.228
716,Reynolds,Nevitt,rnevitth3@jigsy.com,Male,112.210.34.191
717,Vi,Lunt,vlunth4@ucoz.ru,Polygender,148.190.235.18
718,Winfred,Viner,wvinerh5@symantec.com,Male,243.81.213.211
719,Rayner,Francom,rfrancomh6@phoca.cz,Male,67.107.196.133
720,Putnem,Rickerby,prickerbyh7@ucsd.edu,Male,170.115.30.171
721,Franklyn,Getch,fgetchh8@reddit.com,Male,92.122.168.31
722,Karlis,Crittal,kcrittalh9@booking.com,Male,69.196.157.187
723,Stephen,Mowen,smowenha@about.me,Male,156.45.254.120
724,Udale,Undy,uundyhb@purevolume.com,Male,185.202.197.98
725,Benito,Bullon,bbullonhc@google.com,Male,163.119.243.162
726,Haydon,Beagin,hbeaginhd@vk.com,Male,84.253.68.220
727,Lorena,Bootherstone,lbootherstonehe@springer.com,Female,113.64.168.45
728,Melamie,Domerc,mdomerchf@miitbeian.gov.cn,Female,84.31.18.212
729,Lauren,Gravell,lgravellhg@mashable.com,Male,30.98.229.196
730,Alaric,Braam,abraamhh@squarespace.com,Male,92.58.199.216
731,Johannah,Tabard,jtabardhi@hibu.com,Female,243.80.122.60
732,Al,Hambright,ahambrighthj@nsw.gov.au,Male,172.213.255.222
733,Derward,Dickons,ddickonshk@goo.gl,Male,97.188.188.241
734,Sheila-kathryn,Kristoffersson,skristofferssonhl@photobucket.com,Female,120.177.214.114
735,Mayer,Glanton,mglantonhm@tripadvisor.com,Male,97.181.99.152
736,Annalee,Costelow,acostelowhn@netvibes.com,Female,187.102.209.16
737,Seumas,Stancer,sstancerho@foxnews.com,Male,104.22.158.197
738,Harrison,Fedorchenko,hfedorchenkohp@cnet.com,Male,221.128.10.21
739,Bernadene,Monkleigh,bmonkleighhq@tripod.com,Female,116.3.45.10
740,Janette,Golda,jgoldahr@ovh.net,Female,21.130.182.167
741,Nick,Anetts,nanettshs@hp.com,Male,196.59.49.93
742,Juli,Colvine,jcolvineht@sohu.com,Female,143.64.80.112
743,Inessa,Yurocjhin,iyurocjhinhu@odnoklassniki.ru,Polygender,173.90.62.194
744,Viviene,Riby,vribyhv@myspace.com,Female,102.173.238.145
745,Lucio,Fishlee,lfishleehw@reuters.com,Genderqueer,42.92.38.67
746,Risa,Meneux,rmeneuxhx@virginia.edu,Female,105.126.185.157
747,Abba,Benford,abenfordhy@domainmarket.com,Male,218.247.32.174
748,Maureen,Vayro,mvayrohz@examiner.com,Female,217.194.159.132
749,Thia,Jaram,tjarami0@vistaprint.com,Female,91.79.57.133
750,Gawain,Bessent,gbessenti1@sogou.com,Male,79.54.62.4
751,Hamel,Whitmell,hwhitmelli2@independent.co.uk,Male,38.36.9.104
752,Lorin,Grzegorzewicz,lgrzegorzewiczi3@bloglovin.com,Male,63.230.160.19
753,Karylin,Patient,kpatienti4@cornell.edu,Female,246.90.210.47
754,Raff,Shafto,rshaftoi5@pinterest.com,Male,76.159.52.178
755,Oby,Walklate,owalklatei6@constantcontact.com,Male,86.36.120.172
756,Erek,Housecraft,ehousecrafti7@marketwatch.com,Male,251.154.183.204
757,Katinka,Bloxsome,kbloxsomei8@salon.com,Female,133.95.110.13
758,Bernie,Red,bredi9@icio.us,Male,186.157.170.239
759,Robinetta,Jaumet,rjaumetia@answers.com,Female,245.133.93.164
760,Bern,Danielut,bdanielutib@yahoo.co.jp,Male,70.7.187.23
761,Zorah,Sparshott,zsparshottic@hatena.ne.jp,Female,219.61.17.99
762,Linn,Duckering,lduckeringid@miibeian.gov.cn,Genderfluid,45.25.220.49
763,Chic,Champe,cchampeie@un.org,Male,127.24.114.208
764,Salmon,Tuffs,stuffsif@sbwire.com,Male,133.179.24.149
765,Kissiah,Dolligon,kdolligonig@ucoz.ru,Female,2.75.145.158
766,Pen,Broadbridge,pbroadbridgeih@mail.ru,Female,29.218.128.186
767,Ozzy,Baptie,obaptieii@blog.com,Non-binary,145.217.250.131
768,Margaret,Diegan,mdieganij@nymag.com,Female,132.6.133.117
769,Delano,Hundal,dhundalik@hostgator.com,Male,173.64.24.5
770,Bengt,Haddeston,bhaddestonil@auda.org.au,Male,61.93.16.48
771,Loren,Timmermann,ltimmermannim@va.gov,Male,182.14.232.44
772,Blane,Measham,bmeashamin@forbes.com,Male,104.112.125.13
773,Constantia,Studeart,cstudeartio@edublogs.org,Female,3.59.252.77
774,Samantha,Mangeon,smangeonip@google.com.au,Female,84.130.112.182
775,Gusty,Moisey,gmoiseyiq@lulu.com,Female,22.98.178.235
776,Lauryn,Kennelly,lkennellyir@guardian.co.uk,Female,34.155.189.211
777,Bail,Aitcheson,baitchesonis@twitpic.com,Male,123.154.152.80
778,Marybeth,Piniur,mpiniurit@bbb.org,Female,162.243.183.200
779,Jeffy,Freire,jfreireiu@amazon.com,Male,130.136.94.54
780,Kirbie,Sudron,ksudroniv@drupal.org,Female,129.212.42.143
781,Ingram,Billett,ibillettiw@wikia.com,Male,41.21.16.127
782,Tuck,Hatwells,thatwellsix@delicious.com,Agender,120.52.225.178
783,Constantin,Pindred,cpindrediy@github.com,Male,113.207.188.75
784,Ignacio,Stainfield,istainfieldiz@storify.com,Male,28.32.89.225
785,Arv,Gilford,agilfordj0@who.int,Male,221.124.158.83
786,Thurston,Teanby,tteanbyj1@dot.gov,Male,204.171.236.15
787,Joann,Segeswoeth,jsegeswoethj2@eventbrite.com,Female,144.221.229.205
788,Farley,Persicke,fpersickej3@friendfeed.com,Male,253.35.16.95
789,Bartlet,Ashingden,bashingdenj4@nytimes.com,Male,190.57.135.66
790,Mair,Witnall,mwitnallj5@storify.com,Female,28.255.102.3
791,Kerstin,Skalls,kskallsj6@wikipedia.org,Female,235.198.148.37
792,Cordelia,Deniset,cdenisetj7@cam.ac.uk,Female,136.221.12.98
793,Alyss,Shirley,ashirleyj8@ning.com,Female,25.5.33.211
794,Audry,Swannie,aswanniej9@moonfruit.com,Female,94.9.186.79
795,Norbie,Parke,nparkeja@usda.gov,Male,236.132.195.206
796,Janeta,Sneden,jsnedenjb@ft.com,Female,242.64.168.23
797,Abbie,Greeno,agreenojc@berkeley.edu,Non-binary,185.45.145.60
798,Morgan,Swaddle,mswaddlejd@youtu.be,Female,185.139.59.46
799,Robbyn,Watton,rwattonje@qq.com,Female,180.98.246.66
800,Katrina,Honatsch,khonatschjf@earthlink.net,Female,140.176.43.194
801,Thomasa,Aldred,taldredjg@mail.ru,Female,76.200.92.197
802,Michail,Krzyzanowski,mkrzyzanowskijh@cnbc.com,Male,233.31.113.182
803,Cassie,Worsfold,cworsfoldji@tiny.cc,Female,10.42.216.218
804,Dianemarie,Loynes,dloynesjj@newsvine.com,Female,252.108.98.230
805,Minny,Byres,mbyresjk@earthlink.net,Female,21.137.225.203
806,Hyacintha,Stobbe,hstobbejl@nba.com,Female,212.194.14.145
807,Bordie,Galey,bgaleyjm@walmart.com,Polygender,226.243.13.136
808,Evy,Danat,edanatjn@ibm.com,Female,250.211.68.94
809,Matthus,Durbyn,mdurbynjo@latimes.com,Male,158.218.230.100
810,Richart,Bilsford,rbilsfordjp@google.fr,Male,115.219.83.234
811,Genny,Trenaman,gtrenamanjq@elegantthemes.com,Female,35.197.74.77
812,Chandal,Klarzynski,cklarzynskijr@wsj.com,Female,215.75.45.185
813,Farr,O'Gaven,fogavenjs@flavors.me,Male,190.107.78.171
814,Zack,Goldup,zgoldupjt@earthlink.net,Male,177.38.83.115
815,Murdoch,Withams,mwithamsju@house.gov,Agender,24.178.229.204
816,Nyssa,Dowson,ndowsonjv@360.cn,Female,95.36.160.226
817,Zacharie,Janas,zjanasjw@psu.edu,Male,111.144.204.6
818,Amos,Beardshaw,abeardshawjx@indiegogo.com,Male,236.223.42.131
819,Emlen,Fowler,efowlerjy@addthis.com,Male,251.119.65.204
820,Jourdan,Breens,jbreensjz@prlog.org,Female,166.170.126.64
821,Remus,Pleven,rplevenk0@woothemes.com,Male,132.5.18.201
822,Norine,Guilayn,nguilaynk1@yahoo.co.jp,Female,1.154.74.160
823,Lewie,Palle,lpallek2@jugem.jp,Male,26.224.79.92
824,Archie,McFeat,amcfeatk3@feedburner.com,Male,222.99.243.245
825,Kelsy,Chiverstone,kchiverstonek4@loc.gov,Female,127.124.54.185
826,Lemar,Juhruke,ljuhrukek5@scribd.com,Male,212.23.60.47
827,Pavia,Folkard,pfolkardk6@kickstarter.com,Agender,134.234.96.244
828,Sherwynd,Hovington,shovingtonk7@dropbox.com,Male,96.253.234.16
829,Liza,Sieghart,lsieghartk8@paypal.com,Female,159.61.15.43
830,Chen,Arnao,carnaok9@msu.edu,Genderfluid,110.146.69.223
831,Miquela,Janusik,mjanusikka@comcast.net,Female,252.244.190.236
832,Ezequiel,Carletto,ecarlettokb@dmoz.org,Male,86.245.168.189
833,Hilda,Rothon,hrothonkc@bloglovin.com,Female,250.64.201.71
834,Verene,Robertacci,vrobertaccikd@desdev.cn,Female,164.146.153.197
835,Erl,Northill,enorthillke@360.cn,Male,200.102.104.38
836,Winston,Radbone,wradbonekf@linkedin.com,Male,99.81.178.19
837,Isaac,Skalls,iskallskg@java.com,Male,187.69.70.65
838,Othilie,Lambarton,olambartonkh@whitehouse.gov,Female,206.46.72.83
839,Rollo,Vlahos,rvlahoski@seesaa.net,Male,154.78.201.91
840,Currie,Pingston,cpingstonkj@europa.eu,Male,189.126.132.151
841,Yehudi,Ramsden,yramsdenkk@woothemes.com,Genderqueer,190.146.252.91
842,Joelie,Langhor,jlanghorkl@mysql.com,Female,239.212.10.193
843,Hortense,Lillegard,hlillegardkm@bizjournals.com,Female,12.32.221.58
844,Jerome,Boreland,jborelandkn@psu.edu,Male,120.152.183.54
845,Pansy,Hrynczyk,phrynczykko@abc.net.au,Female,212.19.228.93
846,Ahmed,Issacof,aissacofkp@php.net,Male,22.50.173.182
847,Rhett,Kachel,rkachelkq@mapquest.com,Male,225.180.90.93
848,Priscilla,Hardage,phardagekr@senate.gov,Female,185.197.96.165
849,Geno,Fylan,gfylanks@liveinternet.ru,Male,73.127.165.103
850,Ronald,Ducarne,rducarnekt@huffingtonpost.com,Male,82.72.186.93
851,Alvin,von Nassau,avonnassauku@cafepress.com,Male,254.15.236.89
852,Nikki,Maclean,nmacleankv@epa.gov,Male,166.201.85.77
853,Elsey,Garlett,egarlettkw@archive.org,Female,75.183.146.123
854,Giles,Mingay,gmingaykx@e-recht24.de,Male,85.126.4.208
855,Florella,Gamlin,fgamlinky@prnewswire.com,Female,22.164.124.104
856,Reinhard,Durman,rdurmankz@salon.com,Male,95.189.26.30
857,Rem,Formby,rformbyl0@google.nl,Bigender,49.78.250.100
858,Nev,d' Eye,ndeyel1@privacy.gov.au,Male,106.10.245.255
859,Elihu,Crinidge,ecrinidgel2@1und1.de,Male,109.78.178.107
860,Amara,Clingan,aclinganl3@is.gd,Female,175.178.93.31
861,Cicily,Stubbeley,cstubbeleyl4@tinyurl.com,Female,182.173.0.203
862,Evin,Houten,ehoutenl5@g.co,Male,42.72.186.122
863,Hedy,Geroldi,hgeroldil6@google.com.hk,Female,235.158.18.135
864,Pepillo,Hedgeley,phedgeleyl7@hubpages.com,Male,217.28.180.144
865,Freedman,De Ruggero,fderuggerol8@businessinsider.com,Male,67.101.213.210
866,Ansel,Roddam,aroddaml9@thetimes.co.uk,Male,244.104.20.213
867,Tybi,Twyford,ttwyfordla@cnbc.com,Female,112.122.242.116
868,Arnoldo,Chesterfield,achesterfieldlb@nsw.gov.au,Male,224.3.113.50
869,Urson,Vinck,uvincklc@cargocollective.com,Agender,121.76.240.226
870,Sigfried,Hanner,shannerld@last.fm,Male,254.170.236.252
871,Agatha,Bygrove,abygrovele@auda.org.au,Female,163.19.140.244
872,Carena,Zanioletti,czaniolettilf@flavors.me,Female,66.15.141.253
873,Channa,Acton,cactonlg@dell.com,Female,51.90.213.222
874,Mannie,Sillars,msillarslh@godaddy.com,Agender,66.201.236.56
875,Hailey,Micco,hmiccoli@deliciousdays.com,Male,47.189.24.254
876,Kerr,Blanning,kblanninglj@skyrock.com,Male,10.240.146.160
877,Arnuad,Smee,asmeelk@dell.com,Male,153.26.168.26
878,Harriet,Mattke,hmattkell@vkontakte.ru,Non-binary,47.17.66.141
879,Konstanze,Livesay,klivesaylm@adobe.com,Non-binary,34.241.222.232
880,Leyla,Shotter,lshotterln@skyrock.com,Female,69.41.249.230
881,Melita,Story,mstorylo@wikia.com,Female,187.129.127.125
882,Elizabeth,Doers,edoerslp@bbc.co.uk,Female,78.57.187.161
883,Nelie,Trigg,ntrigglq@trellian.com,Genderqueer,27.208.27.139
884,Tamas,Maddy,tmaddylr@howstuffworks.com,Male,108.135.42.89
885,Emalee,Ashcroft,eashcroftls@indiatimes.com,Female,81.132.52.60
886,Wenona,Gingel,wgingellt@bloglines.com,Female,60.12.62.2
887,Dare,Dubery,dduberylu@time.com,Male,156.190.147.0
888,Priscilla,Saddington,psaddingtonlv@cam.ac.uk,Female,161.177.166.84
889,Timoteo,Champneys,tchampneyslw@sakura.ne.jp,Male,31.190.13.46
890,Kev,Norquay,knorquaylx@yandex.ru,Male,39.140.10.186
891,Gabrila,Igo,gigoly@redcross.org,Female,64.51.250.56
892,Patin,Gyse,pgyselz@uiuc.edu,Male,46.83.202.149
893,Roxie,Hateley,rhateleym0@wordpress.org,Female,134.137.143.180
894,Hank,Maidlow,hmaidlowm1@4shared.com,Male,206.233.177.119
895,Fanchon,Lilford,flilfordm2@senate.gov,Polygender,98.219.127.151
896,Guss,Gommes,ggommesm3@gravatar.com,Non-binary,197.250.172.194
897,Noel,Affleck,naffleckm4@newyorker.com,Male,15.79.87.129
898,Kassi,Padgett,kpadgettm5@drupal.org,Female,102.126.228.208
899,Rowen,Cotmore,rcotmorem6@naver.com,Male,67.64.175.89
900,Heywood,Cumming,hcummingm7@ezinearticles.com,Male,213.240.107.24
901,Hestia,Brauns,hbraunsm8@so-net.ne.jp,Female,111.216.137.213
902,Aileen,Dunkerton,adunkertonm9@multiply.com,Female,151.210.71.124
903,Milli,Reymers,mreymersma@marketwatch.com,Female,161.44.65.113
904,Tome,Ackroyd,tackroydmb@hexun.com,Polygender,118.52.178.143
905,Spence,Espin,sespinmc@yandex.ru,Genderqueer,169.94.8.160
906,Teressa,Curtis,tcurtismd@etsy.com,Female,145.173.34.184
907,Sophia,Mendes,smendesme@moonfruit.com,Female,194.94.34.112
908,Arman,Foxten,afoxtenmf@free.fr,Male,135.28.105.108
909,Alanson,Eccles,aecclesmg@cbc.ca,Male,105.46.17.146
910,Ardra,Yeates,ayeatesmh@sbwire.com,Female,226.84.78.16
911,Kala,Artindale,kartindalemi@comcast.net,Female,62.182.236.8
912,Waldemar,FitzAlan,wfitzalanmj@sciencedaily.com,Male,172.181.199.43
913,Zebedee,Conyer,zconyermk@utexas.edu,Male,201.33.37.153
914,Farlay,Torns,ftornsml@whitehouse.gov,Male,165.129.117.49
915,Bellanca,Dallaghan,bdallaghanmm@scientificamerican.com,Female,177.168.93.77
916,Krystle,Risman,krismanmn@nyu.edu,Female,229.164.186.198
917,Verge,Marcroft,vmarcroftmo@163.com,Male,78.144.229.77
918,Lynn,Pizzey,lpizzeymp@mozilla.com,Male,239.133.84.39
919,Alec,Pedlar,apedlarmq@lycos.com,Male,209.38.67.202
920,Packston,Oakinfold,poakinfoldmr@parallels.com,Male,154.70.72.170
921,Bebe,Le Noire,blenoirems@studiopress.com,Female,140.164.16.223
922,Algernon,Bartot,abartotmt@theatlantic.com,Male,231.102.151.217
923,Burnaby,Levet,blevetmu@soup.io,Male,42.72.236.135
924,Bartholomeo,Vertey,bverteymv@edublogs.org,Male,120.157.105.167
925,Tonia,Le Brun,tlebrunmw@go.com,Female,78.15.181.11
926,Maritsa,McDermid,mmcdermidmx@mayoclinic.com,Female,65.35.221.71
927,Gerladina,Heales,ghealesmy@upenn.edu,Female,217.64.211.108
928,Antoni,Aulsford,aaulsfordmz@bizjournals.com,Male,51.174.234.67
929,Ertha,Kinney,ekinneyn0@soundcloud.com,Female,236.189.65.103
930,Bernetta,Mooring,bmooringn1@tmall.com,Agender,180.187.174.157
931,Valentine,Itzhaiek,vitzhaiekn2@about.me,Male,167.140.107.132
932,Garrard,Crosetti,gcrosettin3@sfgate.com,Male,133.231.145.92
933,Upton,McRannell,umcrannelln4@1688.com,Male,251.175.93.253
934,Darby,Yeldham,dyeldhamn5@google.cn,Male,85.42.119.144
935,Lexie,Augustus,laugustusn6@ning.com,Female,173.167.187.13
936,Madison,Fulle,mfullen7@networksolutions.com,Male,77.137.204.194
937,Scot,Tuplin,stuplinn8@hp.com,Male,69.90.248.79
938,Shayne,Convery,sconveryn9@opera.com,Male,55.115.114.63
939,Ariana,Rosengart,arosengartna@home.pl,Female,68.74.206.185
940,Tally,McNulty,tmcnultynb@cnet.com,Male,32.26.23.8
941,Bab,Lampen,blampennc@taobao.com,Female,18.248.182.61
942,Germaine,Birkenshaw,gbirkenshawnd@theguardian.com,Male,230.131.48.45
943,Lorraine,Brasier,lbrasierne@biblegateway.com,Female,103.123.125.88
944,Demetra,Kleinstub,dkleinstubnf@wikipedia.org,Female,48.108.156.188
945,Herve,Besque,hbesqueng@pcworld.com,Male,45.113.59.68
946,Davina,Rolingson,drolingsonnh@google.co.jp,Female,172.18.76.37
947,Rivkah,Bothie,rbothieni@ycombinator.com,Female,18.83.65.157
948,Moina,Giovanizio,mgiovanizionj@microsoft.com,Female,35.232.60.53
949,Suzi,Hrachovec,shrachovecnk@google.it,Female,190.12.164.188
950,Odie,Mold,omoldnl@xing.com,Male,171.44.125.33
951,Avril,Diggles,adigglesnm@eventbrite.com,Female,43.191.235.109
952,Brnaby,Verdon,bverdonnn@blinklist.com,Male,110.223.182.170
953,Doretta,Ourtic,dourticno@wordpress.org,Genderfluid,48.51.88.210
954,Marijo,Fennell,mfennellnp@feedburner.com,Polygender,41.243.89.31
955,Geraldine,Kos,gkosnq@people.com.cn,Female,99.178.6.229
956,Beth,Crissil,bcrissilnr@eepurl.com,Female,99.59.79.63
957,Freda,Loney,floneyns@addthis.com,Female,89.221.163.158
958,Garrot,O' Hanvey,gohanveynt@state.tx.us,Male,217.71.245.97
959,Reggie,Langtree,rlangtreenu@1688.com,Female,195.220.7.189
960,Viviene,Whitcher,vwhitchernv@ezinearticles.com,Female,200.113.52.190
961,Bourke,Gullifant,bgullifantnw@dmoz.org,Male,218.132.163.50
962,Sibley,Harries,sharriesnx@newsvine.com,Female,104.50.251.159
963,Nicole,Bretton,nbrettonny@youtu.be,Female,145.179.11.215
964,Dawn,Size,dsizenz@ycombinator.com,Female,40.39.124.67
965,Palm,Shimon,pshimono0@deliciousdays.com,Male,168.60.54.113
966,Elfreda,Pounsett,epounsetto1@skyrock.com,Female,251.231.69.251
967,Corinne,Gurwood,cgurwoodo2@miibeian.gov.cn,Female,58.241.191.193
968,Sauveur,Crombleholme,scrombleholmeo3@google.co.jp,Male,42.211.150.108
969,Dud,Medmore,dmedmoreo4@google.co.jp,Male,180.228.89.161
970,Craggie,Tinner,ctinnero5@uol.com.br,Male,145.249.79.15
971,Shea,Cattrall,scattrallo6@pcworld.com,Male,111.228.134.31
972,Fina,Abrahamsohn,fabrahamsohno7@ehow.com,Female,12.89.67.121
973,Mareah,Arntzen,marntzeno8@senate.gov,Bigender,42.227.127.187
974,Wade,Slyme,wslymeo9@yolasite.com,Male,55.19.144.156
975,Brigit,Baglin,bbaglinoa@weebly.com,Female,212.75.86.104
976,Scarlet,Mousley,smousleyob@gizmodo.com,Female,4.85.163.216
977,Shelia,Glenn,sglennoc@apache.org,Female,34.89.16.160
978,Scottie,Danilin,sdanilinod@qq.com,Male,248.159.187.130
979,Seline,Spelling,sspellingoe@kickstarter.com,Female,195.38.51.144
980,Daven,Joney,djoneyof@usgs.gov,Male,226.146.14.97
981,Rabbi,Georgescu,rgeorgescuog@statcounter.com,Male,193.2.140.151
982,Stuart,Cayet,scayetoh@boston.com,Male,200.11.10.255
983,Desiri,Blaylock,dblaylockoi@cocolog-nifty.com,Female,75.92.109.219
984,Ty,Juorio,tjuoriooj@npr.org,Male,93.73.140.55
985,Lock,Roebuck,lroebuckok@mit.edu,Male,241.141.88.32
986,Ansel,Merner,amernerol@vkontakte.ru,Male,224.241.129.135
987,Carleton,Filov,cfilovom@jigsy.com,Male,88.197.33.242
988,Mariana,Sturrock,msturrockon@mapy.cz,Female,159.200.7.102
989,Corbie,Niland,cnilandoo@nba.com,Male,26.50.193.210
990,Ruthi,Daniels,rdanielsop@amazonaws.com,Female,219.172.194.119
991,Rudolph,Gowanson,rgowansonoq@deviantart.com,Male,190.169.126.18
992,Tomasine,Thoms,tthomsor@github.io,Female,64.24.140.156
993,Phaidra,Montel,pmontelos@so-net.ne.jp,Female,56.190.0.247
994,Sloane,Barok,sbarokot@creativecommons.org,Male,4.66.117.66
995,Fitz,Recke,freckeou@odnoklassniki.ru,Male,209.9.36.70
996,Laverna,Lenormand,llenormandov@wiley.com,Female,134.38.144.220
997,Norbert,Crace,ncraceow@homestead.com,Male,2.86.123.235
998,Shannon,Androlli,sandrolliox@admin.ch,Male,96.117.177.243
999,Scotty,Delacote,sdelacoteoy@army.mil,Male,225.147.15.51
1000,Damara,Dykas,ddykasoz@dailymotion.com,Polygender,88.238.186.199
1001,Blane,Mulcaster,bmulcasterp0@wp.com,Male,98.233.122.88
1002,Monica,Wholesworth,mwholesworthp1@gizmodo.com,Female,63.251.176.200
1003,Mildrid,Alenov,malenovp2@comsenz.com,Female,54.141.233.128
1004,Timothy,Gullick,tgullickp3@goo.ne.jp,Male,184.136.2.158
1005,Laurens,Dorr,ldorrp4@creativecommons.org,Male,41.216.54.118
1006,Alberto,Felipe,afelipep5@taobao.com,Male,164.50.75.94
1007,Hanna,Dack,hdackp6@va.gov,Female,56.35.91.213
1008,Maurise,Antognetti,mantognettip7@narod.ru,Male,175.134.62.61
1009,Fae,Marien,fmarienp8@rambler.ru,Female,96.239.35.161
1010,Dillon,Sugars,dsugarsp9@wikispaces.com,Male,74.213.138.238
1011,Alair,Chess,achesspa@alexa.com,Male,90.180.3.44
1012,Archer,Idel,aidelpb@phpbb.com,Male,9.14.116.33
1013,Eveleen,Ballard,eballardpc@gravatar.com,Female,90.253.95.84
1014,Alejandro,Streets,astreetspd@msn.com,Male,62.29.0.168
1015,Ettie,Twigger,etwiggerpe@over-blog.com,Female,150.204.249.77
1016,Fabien,Blyden,fblydenpf@ucoz.ru,Male,44.101.18.253
1017,Nealson,Spraberry,nspraberrypg@wix.com,Male,183.56.26.15
1018,Claiborn,Crunkhurn,ccrunkhurnph@cbc.ca,Male,80.107.190.178
1019,Hermione,Huetson,hhuetsonpi@twitpic.com,Bigender,50.0.68.44
1020,Essy,Higgan,ehigganpj@ftc.gov,Genderfluid,90.240.129.188
1021,Ludovika,Longina,llonginapk@abc.net.au,Female,250.12.209.123
1022,Herby,McKerley,hmckerleypl@java.com,Male,245.185.47.32
1023,Holt,Urridge,hurridgepm@berkeley.edu,Male,21.28.253.189
1024,Jarrod,Soldan,jsoldanpn@umn.edu,Male,112.176.113.101
1025,Alexandrina,Goby,agobypo@ehow.com,Female,16.10.121.28
1026,Emery,Attersoll,eattersollpp@about.com,Male,58.194.0.174
1027,Hagen,Jebb,hjebbpq@statcounter.com,Male,252.176.1.170
1028,Celestine,Dranfield,cdranfieldpr@blogger.com,Female,62.27.21.126
1029,Killian,Ilyin,kilyinps@ebay.com,Male,11.102.168.194
1030,Anni,Smithyman,asmithymanpt@japanpost.jp,Female,160.148.169.178
1031,Stoddard,Vicar,svicarpu@imageshack.us,Female,38.145.132.247
1032,Samaria,Canelas,scanelaspv@bbc.co.uk,Female,200.193.136.177
1033,Stinky,Siemantel,ssiemantelpw@w3.org,Male,78.63.27.105
1034,Hillard,Casajuana,hcasajuanapx@friendfeed.com,Male,105.230.15.151
1035,Stuart,Vassie,svassiepy@arizona.edu,Male,234.147.237.188
1036,Briant,Bartol,bbartolpz@ning.com,Male,99.135.75.237
1037,Ariel,MacGillreich,amacgillreichq0@cmu.edu,Male,182.230.65.234
1038,Rachael,Woodyear,rwoodyearq1@amazon.co.uk,Female,52.202.64.47
1039,Hynda,Howison,hhowisonq2@dion.ne.jp,Female,222.116.178.35
1040,Carlota,Woodgate,cwoodgateq3@microsoft.com,Female,63.125.85.30
1041,Cello,Sindell,csindellq4@umn.edu,Male,9.58.178.28
1042,Padriac,Ayliff,payliffq5@ycombinator.com,Male,72.4.151.203
1043,Denna,Whitmore,dwhitmoreq6@pbs.org,Female,184.59.152.185
1044,Sancho,Castillon,scastillonq7@altervista.org,Male,236.41.120.155
1045,Liva,Todaro,ltodaroq8@omniture.com,Female,202.101.218.68
1046,Quintina,Dilger,qdilgerq9@vk.com,Female,109.58.255.182
1047,Gannon,Bearfoot,gbearfootqa@kickstarter.com,Male,74.183.198.155
1048,Andrey,Camble,acambleqb@xing.com,Male,120.49.24.28
1049,Whitney,Reek,wreekqc@oaic.gov.au,Female,148.100.53.244
1050,Yevette,Delucia,ydeluciaqd@cbsnews.com,Female,149.183.88.33
1051,Jan,Castille,jcastilleqe@chicagotribune.com,Genderqueer,40.145.203.106
1052,Tadeo,Payler,tpaylerqf@ox.ac.uk,Male,230.94.34.150
1053,Sheila-kathryn,Fellowes,sfellowesqg@topsy.com,Female,119.68.39.10
1054,Koren,Fadden,kfaddenqh@goo.gl,Female,126.83.112.210
1055,Major,Roache,mroacheqi@360.cn,Male,77.120.131.57
1056,Sigismond,Pitcock,spitcockqj@ebay.co.uk,Male,61.157.203.63
1057,Berkly,Grocott,bgrocottqk@dedecms.com,Male,0.168.4.79
1058,Samara,Nancekivell,snancekivellql@blogspot.com,Female,92.124.62.79
1059,Malinde,Byrde,mbyrdeqm@networkadvertising.org,Female,192.215.224.183
1060,Robinet,Macro,rmacroqn@moonfruit.com,Genderfluid,83.224.100.117
1061,Farica,Beckmann,fbeckmannqo@cyberchimps.com,Female,27.7.95.170
1062,Mercy,Kemwal,mkemwalqp@sun.com,Female,70.75.231.245
1063,Ingmar,Dunrige,idunrigeqq@illinois.edu,Male,41.184.64.72
1064,Fowler,Riglar,friglarqr@bigcartel.com,Male,5.124.114.193
1065,Dana,Onion,donionqs@vinaora.com,Male,84.8.215.66
1066,Putnam,Beatson,pbeatsonqt@comsenz.com,Male,61.153.230.251
1067,Kristy,Sainsbury-Brown,ksainsburybrownqu@deliciousdays.com,Female,14.239.204.176
1068,Vern,Van der Mark,vvandermarkqv@w3.org,Male,39.243.158.129
1069,Lorianne,Atack,latackqw@ovh.net,Female,60.183.44.65
1070,Christina,Bispham,cbisphamqx@google.fr,Agender,122.56.51.247
1071,Vassily,Almon,valmonqy@xinhuanet.com,Male,53.142.16.24
1072,Johnette,Sarrell,jsarrellqz@shutterfly.com,Polygender,245.114.115.240
1073,Brody,Sirette,bsiretter0@craigslist.org,Male,16.69.75.19
1074,Allx,Roller,arollerr1@baidu.com,Female,133.164.129.133
1075,Osmund,Brockley,obrockleyr2@jalbum.net,Male,162.165.214.37
1076,Yevette,Martinelli,ymartinellir3@xinhuanet.com,Female,248.33.169.17
1077,Lorens,Edds,leddsr4@alibaba.com,Genderqueer,148.129.188.53
1078,Devonne,Jankovic,djankovicr5@tumblr.com,Female,34.115.64.208
1079,Carina,Twinborne,ctwinborner6@cafepress.com,Female,88.193.74.26
1080,Aurel,Brumen,abrumenr7@ucsd.edu,Female,204.125.14.152
1081,Kellia,Dommerque,kdommerquer8@vk.com,Genderqueer,54.60.223.136
1082,Angil,Trundell,atrundellr9@un.org,Female,177.100.70.177
1083,Arnold,Jewess,ajewessra@meetup.com,Male,66.40.218.88
1084,Cele,Voff,cvoffrb@ifeng.com,Female,49.218.194.156
1085,Gallard,Palfreyman,gpalfreymanrc@csmonitor.com,Male,112.179.168.222
1086,Mamie,Castagnet,mcastagnetrd@google.pl,Female,15.206.25.24
1087,Rosy,de'-Ancy Willis,rdeancywillisre@nyu.edu,Female,12.37.2.153
1088,Mirabella,Hillitt,mhillittrf@prnewswire.com,Female,176.11.79.9
1089,Ernesta,Conaghan,econaghanrg@t-online.de,Female,242.159.122.134
1090,Dennis,Plumstead,dplumsteadrh@umn.edu,Male,39.97.92.60
1091,Julio,Doole,jdooleri@ovh.net,Male,90.69.19.196
1092,Chester,Criag,ccriagrj@smugmug.com,Male,88.100.112.230
1093,Ariel,Roulston,aroulstonrk@gnu.org,Male,12.146.121.178
1094,Kipp,Hadkins,khadkinsrl@gmpg.org,Female,25.160.250.138
1095,Abdel,Filip,afiliprm@last.fm,Male,203.234.8.189
1096,Forest,Christon,fchristonrn@blogger.com,Male,209.126.55.108
1097,Rutherford,Sones,rsonesro@usatoday.com,Agender,73.83.165.169
1098,Simeon,Haye,shayerp@shareasale.com,Male,88.66.25.211
1099,Eve,Vallack,evallackrq@privacy.gov.au,Female,85.226.162.87
1100,Bab,Prium,bpriumrr@seesaa.net,Female,251.145.4.63
